# Host: localhost  (Version: 5.5.53)
# Date: 2019-01-23 19:11:33
# Generator: MySQL-Front 5.3  (Build 4.234)

/*!40101 SET NAMES utf8 */;

#
# Structure for table "car"
#

DROP TABLE IF EXISTS `car`;
CREATE TABLE `car` (
  `Id` int(11) NOT NULL AUTO_INCREMENT,
  `listId` varchar(255) DEFAULT NULL,
  `listNum` varchar(255) DEFAULT NULL,
  `user` varchar(255) DEFAULT NULL,
  `listSize` varchar(255) DEFAULT NULL,
  `listColor` varchar(255) DEFAULT NULL,
  PRIMARY KEY (`Id`)
) ENGINE=MyISAM AUTO_INCREMENT=11 DEFAULT CHARSET=utf8 ROW_FORMAT=DYNAMIC;

#
# Data for table "car"
#

/*!40000 ALTER TABLE `car` DISABLE KEYS */;
INSERT INTO `car` VALUES (1,'2422261','4','13423414911',NULL,NULL),(2,'3662758','3','13423414911',NULL,NULL),(3,'3674606','3','13423414911',NULL,NULL),(4,'3551574','2','13423414911',NULL,NULL),(5,'3158201','4',NULL,NULL,NULL),(6,'3551574','5','13423414912',NULL,NULL),(12,'','1','13423414911','6',''),(13,'3659498','1','13423414911','6',''),(14,'','1','13423414911','6',''),(15,'','1','13423414911','6',''),(16,'3331977','1','13423414911','6',''),(17,'3390337','1','13423414911','6',''),(18,'2430742','1','13423414911','6',''),(19,'3665343','1','13423414911','6',''),(20,'3665343','1','13423414911','6',''),(21,'','1','13423414911','6','');
/*!40000 ALTER TABLE `car` ENABLE KEYS */;

#
# Structure for table "discount"
#

DROP TABLE IF EXISTS `discount`;
CREATE TABLE `discount` (
  `Id` int(11) NOT NULL AUTO_INCREMENT,
  `amount` varchar(255) DEFAULT NULL,
  `batchId` varchar(255) DEFAULT NULL,
  `beginTime` varchar(255) DEFAULT NULL,
  `endTime` varchar(255) DEFAULT NULL,
  `type` varchar(255) DEFAULT NULL,
  `img` varchar(255) DEFAULT NULL,
  `listId` varchar(255) DEFAULT NULL,
  `remark` varchar(255) DEFAULT NULL,
  `categoryType` varchar(255) DEFAULT NULL,
  `categoryName` varchar(255) DEFAULT NULL,
  `storeId` varchar(255) DEFAULT NULL,
  `categoryName2` varchar(255) DEFAULT NULL,
  `categoryType2` varchar(255) DEFAULT NULL,
  PRIMARY KEY (`Id`)
) ENGINE=MyISAM AUTO_INCREMENT=127 DEFAULT CHARSET=utf8;

#
# Data for table "discount"
#

/*!40000 ALTER TABLE `discount` DISABLE KEYS */;
INSERT INTO `discount` VALUES (1,'','','','','','','','','','','','特色美食','10'),(2,'','','','','','','','','','','','精选','10001'),(3,'','','','','','','','','','','','家用电器','11'),(4,'','','','','','','','','','','','家居生活','12'),(5,'','','','','','','','','','','','箱包鞋靴','14'),(6,'','','','','','','','','','','','美妆/洗护','15'),(7,'','','','','','','','','','','','运动/户外/器械','16'),(8,'','','','','','','','','','','','母婴/玩具','17'),(9,'','','','','','','','','','','','厨卫清洁','20'),(10,'','','','','','','','','','','','进口食品','21'),(11,'','','','','','','','','','','','魅力男装','22'),(12,'','','','','','','','','','','','女装/饰品/配件','23'),(13,'','','','','','','','','','','','手机/数码','24'),(14,'','','','','','','','','','','','电脑办公','28'),(15,'','','','','','','','','','','','商务礼品','29'),(16,'','','','','','','','','','','','消费卡券/票券','40'),(17,'','','','','','','','','','','','农资产品','58'),(18,'10','468771','2019-01-15','2019-02-11','2','http://pic1.ule.com/pic/user_800133894/product/prd20190105/45c7a78b19cef09f_p800x800.jpg','3652207,3366286,3367297,3367396,3651501,3367289,3651486,3652156,3367350,3367215,3367774,3367496,3652170,3366270,3592108,3652163','限请笑辣川味传承旗舰店指定商品,满100元使用','10','特色美食','28655',NULL,NULL),(19,'5','468757','2019-01-15','2019-01-24','1','http://pic.ule.com/pic/user_800111992/product/prd20190109/396064587a621bab_p800x800.jpg','','限阿玛莎旗舰店商品,满200元使用','','','25734',NULL,NULL),(20,'50','468761','2019-01-15','2019-01-18','2','http://pic4.ule.com/pic/user_800139652/product/prd20181026/890eea156414295b_p450x450.jpg','3638921','限蜀道香食品旗舰店指定商品,满100元使用','10','特色美食','31528',NULL,NULL),(21,'10','468760','2019-01-15','2019-01-18','2','http://pic1.ule.com/pic/user_800139652/product/prd20181030/8c1808fbb2fe4144_p450x450.jpg','3641273','限蜀道香食品旗舰店指定商品,满20元使用','10','特色美食','31528',NULL,NULL),(22,'3','468772','2019-01-15','2019-02-11','2','http://pic2.ule.com/pic/user_800133894/product/prd20190105/3e04c564ab5945d0_p800x800.jpg','3651501,3367289,3651486,3652156,3367350,3367215,3367774,3367496,3652170,3366270,3592108,3652163,3652207,3366286,3367297,3367396','限请笑辣川味传承旗舰店指定商品,满50元使用','10','特色美食','28655',NULL,NULL),(23,'25','468770','2019-01-15','2019-02-11','2','http://pic3.ule.com/pic/user_800133894/product/prd20190106/0ee76a0a4a11a3b8_p800x800.jpg','3366270,3592108,3652163,3652207,3366286,3367297,3367396,3651501,3367289,3651486,3652156,3367350,3367215,3367774,3367496,3652170','限请笑辣川味传承旗舰店指定商品,满200元使用','10','特色美食','28655',NULL,NULL),(24,'5','468742','2019-01-15','2019-01-15','2','http://pic3.ule.com/pic/user_800118861/product/prd20180413/c95947c91ea0a1c7_p1080x1440.jpg','3447040','限邮滋味新沂馆专柜指定商品,不限金额使用','','','18625',NULL,NULL),(25,'10','468712','2019-01-12','2019-02-22','1','http://pic.ule.com/pic/user_800140616/product/prd20190108/c184ad82e701f41b_p800x800.jpg','','限LaMilee莱玫专营店商品,满139元使用','15','美妆/洗护','32054',NULL,NULL),(26,'30','468693','2019-01-11','2019-01-18','1','http://pic.ule.com/pic/user_800133259/product/prd20180829/d8a35bf2544c68e1_p1200x1200.jpg','','限欧润哲家居用品官方旗舰店商品,满199元使用','12','家居生活','27974',NULL,NULL),(27,'3','468698','2019-01-11','2019-01-25','1','http://pic.ule.com/pic/user_800140616/product/prd20190108/c184ad82e701f41b_p800x800.jpg','','限LaMilee莱玫专营店商品,满49元使用','15','美妆/洗护','32054',NULL,NULL),(28,'50','468694','2019-01-11','2019-01-18','1','http://pic.ule.com/pic/user_800133259/product/prd20180829/d8a35bf2544c68e1_p1200x1200.jpg','','限欧润哲家居用品官方旗舰店商品,满299元使用','12','家居生活','27974',NULL,NULL),(29,'5','468713','2019-01-12','2019-02-22','1','http://pic.ule.com/pic/user_800140616/product/prd20190108/c184ad82e701f41b_p800x800.jpg','','限LaMilee莱玫专营店商品,满99元使用','15','美妆/洗护','32054',NULL,NULL),(30,'10','468692','2019-01-11','2019-01-18','1','http://pic.ule.com/pic/user_800133259/product/prd20180829/d8a35bf2544c68e1_p1200x1200.jpg','','限欧润哲家居用品官方旗舰店商品,满109元使用','12','家居生活','27974',NULL,NULL),(31,'10','468633','2019-01-09','2019-01-16','1','http://pic.ule.com/pic/user_800128798/product/prd20190106/1314ab496711c4ad_p1000x1000.jpg','','限传奇保罗男装专柜商品,满99元使用','22','魅力男装','30167',NULL,NULL),(32,'8.7','468626','2019-01-04','2019-01-31','2','http://pic.ule.com/pic/user_10035/product/prd20190104/funflow_201901040836349588.jpg','3676335','限浙江平湖邮政公司专柜指定商品,不限金额使用','29','商务礼品','25142',NULL,NULL),(33,'100','468630','2019-01-09','2019-02-16','1','http://pic.ule.com/pic/user_800138891/product/prd20190107/554156a049d0ec61_p800x800.jpg','','限ILIFE智意专卖店商品,满688元使用','11','家用电器','31107',NULL,NULL),(34,'10','468629','2019-01-09','2019-01-31','2','http://pic3.ule.com/pic/user_800108882/product/prd20180823/b7b429f4c728fdc9_p800x800.jpg','3591569,3588387,3608342,3649241,3592846,3608363,3586446,3545879,3649320,3589091,3649321,3588380,3591514,3678299,3668627,3588423,3591268,3628532,3588719,3592635,3628553,3628415,3588272,3588397,3589085,3664243,3658320,3664245,3664248,3588208,','限北京信酷数码商城专柜指定商品,满99元使用','24','手机/数码','8251',NULL,NULL),(35,'10','468627','2019-01-09','2019-01-31','1','http://pic.ule.com/pic/user_800106691/product/prd20190108/bc7a40ab40d2a874_p800x800.jpg','','限盛世怡达手机专营店商品,满500元使用','','','6806',NULL,NULL),(36,'8.5','468625','2019-01-04','2019-01-31','2','http://pic.ule.com/pic/user_10035/product/prd20190104/funflow_201901040836349588.jpg','3647674','限浙江平湖邮政公司专柜指定商品,不限金额使用','29','商务礼品','25142',NULL,NULL),(37,'10','468618','2019-01-08','2019-02-11','1','http://pic.ule.com/pic/user_800140088/product/prd20190104/c830481489b923ae_p800x800.jpg','','限农仁街农品专营店商品,满100元使用','10','特色美食','31848',NULL,NULL),(38,'20','468611','2019-01-08','2019-02-15','1','http://pic.ule.com/pic/user_800116688/product/prd20190104/40d09b2e669aee57_p800x800.jpg','','限人人酒酒类专营店商品,满99元使用','21','进口食品','16481',NULL,NULL),(39,'50','468612','2019-01-08','2019-02-15','1','http://pic.ule.com/pic/user_800116688/product/prd20190104/40d09b2e669aee57_p800x800.jpg','','限人人酒酒类专营店商品,满599元使用','21','进口食品','16481',NULL,NULL),(40,'100','468613','2019-01-08','2019-02-15','1','http://pic.ule.com/pic/user_800116688/product/prd20190104/40d09b2e669aee57_p800x800.jpg','','限人人酒酒类专营店商品,满1299元使用','21','进口食品','16481',NULL,NULL),(41,'10','468620','2019-01-08','2019-02-28','1','http://pic.ule.com/pic/user_800110931/product/prd20181224/2dd54825a2339d25_p800x800.jpg','','限小二电商旗舰店商品,满199元使用','17','母婴/玩具','10041',NULL,NULL),(42,'50','468610','2019-01-08','2019-01-18','2','http://pic2.ule.com/pic/user_800122407/product/prd20170810/c1a545ccb6a0aa1a_p450x450.jpg','2758749','限德健南江黄羊旗舰店专柜指定商品,满100元使用','','','23642',NULL,NULL),(43,'10','468608','2019-01-08','2019-02-28','1','http://pic.ule.com/pic/user_800110861/product/prd20170918/ae89ff68454694b1_p800x800.jpg','','限正江电子办公专营店商品,满99元使用','','','10887',NULL,NULL),(44,'50','468606','2019-01-08','2019-03-31','1','','','限优汇家电专营店商品,满888元使用','38','大家电','7575',NULL,NULL),(45,'10','468600','2019-01-08','2019-01-18','2','http://pic2.ule.com/pic/user_800115792/product/prd20181226/cc95564678b84cc0_p751x749.jpg','3672000','限蓬安县特产直营店专柜指定商品,满10.1元使用','10','特色美食','15604',NULL,NULL),(46,'10','468599','2019-01-07','2019-03-31','1','','','限优汇家电专营店商品,满200元使用','38','大家电','7575',NULL,NULL),(47,'20','468587','2019-01-08','2019-01-31','1','http://pic.ule.com/pic/user_800138891/product/prd20190107/554156a049d0ec61_p800x800.jpg','','限ILIFE智意专卖店商品,满200元使用','11','家用电器','31107',NULL,NULL),(48,'300','468575','2019-01-04','2019-01-20','2','http://pic.ule.com/pic/user_10035/product/prd20190104/funflow_201901041523021572.jpg','3676542','限博野手机数码专卖店指定商品,满4998元使用','24','手机/数码','30441',NULL,NULL),(49,'50','468530','2019-01-05','2019-01-20','2','http://pic1.ule.com/pic/user_800140838/product/prd20181229/69756cf5541e3b14_p700x700.jpg','3675870,3674621,3676056,3675884','限世界瓷都德化苏氏陶瓷旗舰店指定商品,满99元使用','29','商务礼品','32196',NULL,NULL),(50,'20','468573','2019-01-07','2019-02-11','1','http://pic.ule.com/pic/user_800139652/product/prd20181204/9cd0b6d49e89e6a0_p450x450.jpg','','限蜀道香食品旗舰店商品,满90元使用','10','特色美食','31528',NULL,NULL),(51,'10','468561','2019-01-07','2019-01-18','2','http://pic.ule.com/pic/user_10035/product/prd20190104/funflow_201901041638425503.jpg','2296009','限岳池强辉面业直营专柜专柜指定商品,满10.1元使用','10','特色美食','16710',NULL,NULL),(52,'5','468555','2019-01-07','2019-03-31','1','http://pic.ule.com/pic/user_800136948/product/prd20180713/95494e37bb99862a_p800x800.jpg','','限亮灏乳制品专营店商品,满99元使用','10','特色美食','30357',NULL,NULL),(53,'10','468556','2019-01-07','2019-03-31','1','http://pic.ule.com/pic/user_800136948/product/prd20180713/95494e37bb99862a_p800x800.jpg','','限亮灏乳制品专营店商品,满199元使用','10','特色美食','30357',NULL,NULL),(54,'30','468524','2019-01-04','2019-01-31','1','http://pic.ule.com/pic/user_800105868/product/prd20181205/6dfb127bcf087a49_p800x800.jpg','','限金猴鞋靴旗舰店商品,满199元使用','','','6296',NULL,NULL),(55,'10','468513','2019-01-07','2019-01-18','2','http://pic3.ule.com/pic/user_800134337/product/prd20190104/24abf98e9fd71df5_p800x800.jpg','3582027','限绵阳扶贫地方馆指定商品,满20元使用','10','特色美食','28809',NULL,NULL),(56,'10','468497','2019-01-09','2019-01-16','1','http://pic.ule.com/pic/user_800109923/product/prd20190104/171807bd4601e1c5_p450x450.jpg','','限邮滋味江苏农产品省馆商品,满11元使用','','','9190',NULL,NULL),(57,'50','468523','2019-01-04','2019-01-31','1','http://pic.ule.com/pic/user_800105868/product/prd20181205/6dfb127bcf087a49_p800x800.jpg','','限金猴鞋靴旗舰店商品,满269元使用','','','6296',NULL,NULL),(58,'6','468480','2019-01-04','2019-01-19','2','http://pic4.ule.com/pic/user_800138290/product/prd20181226/1a5eda0208b82a95_p800x800.png','3672294,3672297','限宁德农品馆专柜指定商品,不限金额使用','10','特色美食','30695',NULL,NULL),(59,'10','417433','2019-01-01','2019-01-31','1','http://pic.ule.com/pic/user_10035/product/prd20181229/funflow_201812291025528664.jpg','','限一年一稻专柜商品,满100元使用','','','29731',NULL,NULL),(60,'188','417430','2018-12-31','2019-02-14','2','http://pic4.ule.com/pic/user_800131993/product/prd20180321/2f44e4b1e89e411e_p450x450.jpg','3340032,3331977','限TRU NIAGEN海外旗舰店指定商品,满700元使用','','','26548',NULL,NULL),(61,'5','417392','2019-01-03','2019-01-18','1','http://pic.ule.com/pic/user_800112840/product/prd20181228/08c047e4830d1195_p800x800.jpg','','限万滋贸易有限公司专柜商品,满58元使用','','','12979',NULL,NULL),(62,'10','417393','2019-01-03','2019-01-18','1','http://pic.ule.com/pic/user_800112840/product/prd20181228/08c047e4830d1195_p800x800.jpg','','限万滋贸易有限公司专柜商品,满108元使用','','','12979',NULL,NULL),(63,'5','417358','2018-12-27','2019-01-31','1','http://pic.ule.com/pic/user_800108882/product/prd20181023/059929772b2a5b34_p800x800.jpg','','限北京信酷数码商城专柜商品,不限金额使用','28','电脑办公','8251',NULL,NULL),(64,'5','417391','2019-01-02','2020-01-01','2','http://pic2.ule.com/pic/user_800140508/product/prd20181219/9a388fb45c363078_p800x800.jpg','3668425,3667130,3665031,3665844,3664962,3664923,3670309,3666221,3669857,3669401,3666967,3666325,3666824,3669757,3665534,3669790,3669816,3668945,3667087,3666367,3670016,3674138,3669950,3668122,3665752,3666003,3668986,3665914,3664953,3665912,3666912,3667594','限锦尚玉珠宝旗舰店指定商品,满99.8元使用','23','女装/饰品/配件','31967',NULL,NULL),(65,'50','417354','2018-12-26','2019-03-01','2','http://pic3.ule.com/pic/user_800108882/product/prd20181120/f532f74f4a92e39c_p800x800.jpg','3654013,3647916,3647665,3662057,3647747,3662049,3647773,3647726,3662032,3662015,3662008,3647707,3647872','限北京信酷数码商城专柜指定商品,满199元使用','20,11,12,10001','厨卫清洁,家用电器,家居生活,精选','8251',NULL,NULL),(66,'10','417353','2018-12-26','2019-02-01','1','http://pic.ule.com/pic/user_800113613/product/prd20181216/7bb80af70f187f0a_p800x800.jpg','','限三业电脑数码专柜商品,满50元使用','24','手机/数码','13575',NULL,NULL),(67,'15','417304','2018-12-26','2019-02-01','2','http://pic1.ule.com/pic/user_800113613/product/prd20180508/f02e3b04676b5597_p800x800.jpg','3490789,3348227,3425205,3493184,3367450,3615669,3348206,3595377,3445918,3453012,3499013,2717431,3588313,3626205,3626828,3433511,3567138,3601761,3425728,3631409,3398027,3530755,3416008,2799352,3348218,2820617,3128508,3290501,3572095,3597204,3494010,3637946','限三业电脑数码专柜指定商品,满99元使用','11','家用电器','13575',NULL,NULL),(68,'5','417301','2018-12-26','2019-02-01','1','http://pic.ule.com/pic/user_800115383/product/prd20181211/7290ef8df48d7beb_p619x619.jpg','','限浩辉农副产品专营店专柜商品,满75元使用','10001,10001','精选,精选','15220',NULL,NULL),(69,'3','417278','2018-12-29','2019-01-31','1','http://pic.ule.com/pic/user_800115075/product/prd20180825/89675b28e3fcfd76_p800x800.jpg','','限湖北华贵食品有限公司专柜商品,满68元使用','10','特色美食','14944',NULL,NULL),(70,'10','417274','2019-01-07','2019-02-11','1','http://pic.ule.com/pic/user_800110861/product/prd20181023/10491dba62923980_p800x800.jpg','','限旺贝特童装专柜商品,满99元使用','','','26283',NULL,NULL),(71,'100','417271','2018-12-28','2019-01-15','1','http://pic.ule.com/pic/user_800140036/product/prd20181226/2e92641029ad5d17_p800x800.jpg','','限BWT德国倍世旗舰店商品,满1000元使用','11','家用电器','31806',NULL,NULL),(72,'20','417252','2018-12-26','2019-02-01','2','http://pic0.ule.com/pic/user_800128405/product/prd20180705/4ba88950ec3cdabe_p572x572.jpg','3554068,3446002,3671610,3417589,3617355','限赣州市扶贫地方馆指定商品,满199元使用','10,10001','特色美食,精选','23096',NULL,NULL),(73,'10','416648','2019-01-07','2019-02-28','1','http://pic.ule.com/pic/user_10035/product/prd20181225/funflow_201812251812364328.jpg','','限维科家纺旗舰店商品,满99元使用','10001','精选','31565',NULL,NULL),(74,'5','416647','2018-12-26','2019-02-01','2','http://pic0.ule.com/pic/user_800134642/product/prd20181212/59f420695b062950_p790x790.jpg','3625921,3607581,3655769,3659992,3656733,3614227,3582808,3656068','限当季鲜果指定商品,满30元使用','10,10001','特色美食,精选','29125',NULL,NULL),(75,'10','416634','2018-12-25','2019-02-01','1','http://pic.ule.com/pic/user_800106056/product/prd20181108/614a488b9250c812_p800x800.jpg','','限禾煜食品旗舰店商品,满99元使用','10001','精选','6868',NULL,NULL),(76,'10','416633','2018-12-25','2019-02-01','1','http://pic.ule.com/pic/user_800110814/product/prd20181217/19b103b3455db833_p800x800.jpg','','限憨豆熊旗舰店商品,满99元使用','10001','精选','10447',NULL,NULL),(77,'4.9','416638','2019-01-05','2019-02-11','2','http://pic1.ule.com/pic/user_800114522/product/prd20181106/56d1af69354d3792_p800x800.jpg','3645837,3645906','限21优选旗舰店指定商品,满24.9元使用','15','美妆/洗护','14461',NULL,NULL),(78,'6','416612','2018-12-25','2019-02-01','2','http://pic.ule.com/pic/user_10035/product/prd20181221/funflow_201812211317462534.jpg','3621674,3621656,3621498,3621552,3617901,3621414,3621604,3617836,3617857,3621690,3621509,3621494,3621505,3621592,3621440,3617865,3621529,3665374,3621525,3617933,3621687,3621649,3621515,3621403,3617945,3621634,3621614','限21优选旗舰店指定商品,满20元使用','17','母婴/玩具','14461',NULL,NULL),(79,'5','416610','2018-12-21','2019-02-11','1','http://pic.ule.com/pic/user_800108477/product/prd20181220/bda6253844e4c0e9_p800x800.jpg','','限米斯康男鞋旗舰店商品,满99元使用','','','7986',NULL,NULL),(80,'10','416622','2018-12-25','2019-02-01','1','http://pic.ule.com/pic/user_800115379/product/prd20181101/0b4ad6cb4b0ba73b_p800x800.jpg','','限萬家宴粮油旗舰店商品,满88元使用','10001','精选','15230',NULL,NULL),(81,'20','416586','2018-12-25','2019-02-01','1','http://pic.ule.com/pic/user_800121819/product/prd20181029/5886fb898b854a2e_p800x800.jpg','','限姚朵朵旗舰店专柜商品,满128元使用','10,10001','特色美食,精选','22740',NULL,NULL),(82,'10','416609','2019-01-07','2019-02-11','1','http://pic.ule.com/pic/user_800107682/product/prd20181227/4aefacb1beedcaf9_p608x516.png','','限奥派国际品牌家居馆商品,满99元使用','11,10001','家用电器,精选','12568',NULL,NULL),(83,'5','416584','2018-12-25','2019-01-31','1','http://pic.ule.com/pic/user_800136703/product/prd20181127/7de28b6b08425caa_p800x800.jpg','','限爱丁堡食品专营店商品,满68元使用','10','特色美食','30142',NULL,NULL),(84,'20','416576','2018-12-25','2019-02-01','1','http://pic.ule.com/pic/user_800107872/product/prd20181221/c915d846a1db2ac3_p800x800.jpg','','限新农哥旗舰店商品,满99元使用','10001','精选','7687',NULL,NULL),(85,'10','416549','2019-01-07','2019-02-28','1','http://pic.ule.com/pic/user_10035/product/prd20181225/funflow_201812251811345554.png','','限逸轩家纺旗舰店商品,满99元使用','10001','精选','6745',NULL,NULL),(86,'10','416540','2018-12-25','2019-02-01','1','http://pic.ule.com/pic/user_800111051/product/prd20190102/43688e7d741a7245_p1683x1550.jpg','','限中国农垦官方旗舰店商品,满99元使用','','','10217',NULL,NULL),(87,'10','416530','2019-01-07','2019-02-11','1','http://pic.ule.com/pic/user_800109395/product/prd20181025/86e5bff553f41528_p800x800.jpg','','限纳爱斯洗护用品店商品,满99元使用','10001','精选','8695',NULL,NULL),(88,'8.9','416539','2019-01-05','2019-02-11','2','http://pic3.ule.com/pic/user_800114522/product/prd20181105/94f5d594caeb8b0a_p800x800.jpg','3645204,3645139,3645848','限21优选旗舰店指定商品,满28.9元使用','15','美妆/洗护','14461',NULL,NULL),(89,'5','416558','2018-12-21','2019-02-11','1','http://pic.ule.com/pic/user_800107725/product/prd20181205/794924a77fae5fd1_p800x800.jpg','','限善怡个人护理专营店商品,满99元使用','','','7578',NULL,NULL),(90,'15','416524','2019-01-05','2019-04-30','2','http://pic3.ule.com/pic/user_800114522/product/prd20181224/a7a73bac70eb4e3b_p800x800.jpg','3670907,3621440,3670916,3621690,3670855','限21优选旗舰店指定商品,满45元使用','17','母婴/玩具','14461',NULL,NULL),(91,'5','416523','2018-12-25','2019-01-31','1','http://pic.ule.com/pic/user_800110861/product/prd20181228/4f2d90469865c3cd_p878x861.jpg','','限正江食品专营店商品,满99元使用','','','10279',NULL,NULL),(92,'10','416508','2018-12-21','2019-02-11','1','http://pic.ule.com/pic/user_800107725/product/prd20181205/794924a77fae5fd1_p800x800.jpg','','限善怡个人护理专营店商品,满139元使用','','','7578',NULL,NULL),(93,'10','416512','2019-01-07','2019-02-11','1','http://pic.ule.com/pic/user_800118529/product/prd20181031/415ab5b81dbef324_p800x800.jpg','','限炊大皇德今专卖店商品,满99元使用','10001','精选','19375',NULL,NULL),(94,'10','416521','2019-01-07','2019-02-11','1','http://pic.ule.com/pic/user_800109768/product/prd20181217/8bb02ed141b08488_p800x800.jpg','','限宝优妮旗舰店商品,满199元使用','10001','精选','8922',NULL,NULL),(95,'10','416492','2018-12-25','2019-12-24','1','http://pic.ule.com/pic/user_800140508/product/prd20190107/84a0cb9382b97783_p800x800.jpg','','限锦尚玉珠宝旗舰店商品,满198元使用','','','31967',NULL,NULL),(96,'10','416489','2018-12-25','2019-02-01','1','http://pic.ule.com/pic/user_800116688/product/prd20190104/40d09b2e669aee57_p800x800.jpg','','限人人酒酒类专营店商品,满50元使用','21','进口食品','16481',NULL,NULL),(97,'15','416488','2018-12-25','2019-02-01','1','http://pic.ule.com/pic/user_800116629/product/prd20181222/42ca6db18aff7743_p800x800.jpg','','限长寿花粮油旗舰店商品,满88元使用','10','特色美食','16766',NULL,NULL),(98,'10','416475','2018-12-25','2019-02-03','1','http://pic.ule.com/pic/user_800140032/product/prd20181217/2913f79523ea7f6f_p600x600.jpg','','限罗斯生活俄罗斯商品专营店商品,满99元使用','21','进口食品','31801',NULL,NULL),(99,'10','416487','2018-12-25','2019-02-01','1','http://pic.ule.com/pic/user_800138544/product/prd20181109/bcd1f06482da2538_p800x800.jpg','','限喜德旺旗舰店商品,满88元使用','10,10001','特色美食,精选','30926',NULL,NULL),(100,'15','416473','2019-01-05','2019-04-30','2','http://pic3.ule.com/pic/user_800114522/product/prd20181224/a7a73bac70eb4e3b_p800x800.jpg','3670907,3621440,3670916,3621690,3670899,3670855','限21优选旗舰店指定商品,满45元使用','17','母婴/玩具','14461',NULL,NULL),(101,'10','416480','2019-01-07','2019-02-11','1','http://pic.ule.com/pic/user_800106320/product/prd20181221/b7a31c54034ad5bc_p790x790.jpg','','限唯欲家居旗舰店商品,满99元使用','10001','精选','6592',NULL,NULL),(102,'5','416467','2019-01-07','2019-02-11','1','http://pic.ule.com/pic/user_10035/product/prd20181221/funflow_201812211623512881.jpg','','限五岳家居专营店商品,不限金额使用','10001','精选','12331',NULL,NULL),(103,'20','416459','2018-12-21','2019-02-12','1','http://pic.ule.com/pic/user_800113246/product/prd20181221/ae4328bd031a437a_p600x600.jpg','','限容行美妆专营店商品,满199元使用','15','美妆/洗护','13650',NULL,NULL),(104,'30','416351','2018-12-25','2019-02-01','1','http://pic.ule.com/pic/user_800128407/product/prd20181224/6338c94d02b463f3_p800x800.jpg','','限伯派商贸专营店专柜商品,满299元使用','10001','精选','23159',NULL,NULL),(105,'15','416401','2018-12-25','2019-02-01','1','http://pic.ule.com/pic/user_800128407/product/prd20181224/6338c94d02b463f3_p800x800.jpg','','限伯派商贸专营店专柜商品,满99元使用','10001','精选','23159',NULL,NULL),(106,'10','416352','2018-12-25','2019-02-01','2','http://pic.ule.com/pic/user_10035/product/prd20181220/funflow_201812201700096662.jpg','1810852,3405554,1779811,1736965,1743870,1739252,3273375,3272792,3274299,3272610,3272812,1743232,1792982,1755976,2703920,3405373,1741115,3267068,2212178,3272718,1740070,1757788,3284869,2703925,3272823,3405574,2212169,2200198,1742586,1739524,3405242,3629619','限喜尔乐家居用品专营店指定商品,满80元使用','15,20,10001','美妆/洗护,厨卫清洁,精选','13814',NULL,NULL),(107,'15','416301','2018-12-25','2019-02-01','1','http://pic.ule.com/pic/user_10035/product/prd20181220/funflow_201812201644229205.jpg','','限泊泉雅专卖店商品,满69元使用','10001','精选','16065',NULL,NULL),(108,'50','416253','2018-12-20','2019-02-01','2','http://pic.ule.com/pic/user_10035/product/prd20181220/funflow_201812201642052823.jpg','3459267,3459286,3459224,3459240,3459348,3459357,3459255,3459331,3459231,3459338,3459258,3459342,3459194,3459428','限善怡个人护理专营店指定商品,满99元使用','15','美妆/洗护','7578',NULL,NULL),(109,'10','415398','2018-12-25','2019-02-01','2','http://pic.ule.com/pic/user_10035/product/prd20181220/funflow_201812201542443691.jpg','3553727,3553781,3553763,3541326,3540823,3541291,3553909,3553886,3553740,3540843,3553884,3540865,3553913,3539997,3553459,3540984,3553455,3541349,3553355,3541296,3553719,3558543,3541315,3541079,3553408,3553759,3541022,3567576,3558402,3553927,3558547,3553793','限21优选旗舰店指定商品,满30元使用','15,11,10001','美妆/洗护,家用电器,精选','14461',NULL,NULL),(110,'10','415395','2018-12-25','2019-02-01','1','http://pic.ule.com/pic/user_800110861/product/prd20151104/c4db1c6e95c54bbe_p1200x1200.jpg','','限正江洗护专营店商品,满99元使用','10001','精选','9981',NULL,NULL),(111,'2','415399','2018-12-25','2019-02-01','2','http://pic.ule.com/pic/user_10035/product/prd20181220/funflow_201812201446117644.jpg','3645837,3645244,3645223,3645204,3645215,3645139,3645906,3645874,3645227,3645107,3645848,3645246,3645910,3645902','限21优选旗舰店指定商品,不限金额使用','15,10001','美妆/洗护,精选','14461',NULL,NULL),(112,'5','415445','2018-12-25','2019-02-01','1','http://pic.ule.com/pic/user_10035/product/prd20181220/funflow_201812201434021158.png','','限融智事达美妆专营店商品,满99元使用','10001','精选','8609',NULL,NULL),(113,'10','415447','2018-12-25','2019-02-01','1','http://pic.ule.com/pic/user_800114393/product/prd20190107/d0c1d4455d2f46c7_p800x800.jpg','','限溪水昌柳美妆专营店商品,满99元使用','','','14914',NULL,NULL),(114,'20','414439','2018-12-17','2019-02-28','1','http://pic.ule.com/pic/user_800134923/product/prd20181127/d754a80a03f32f53_p800x800.jpg','','限侗红农品专柜商品,满200元使用','10,10001','特色美食,精选','29333',NULL,NULL),(115,'10','412273','2018-12-07','2019-01-31','2','http://pic2.ule.com/pic/user_800114868/product/prd20180821/14ac54901bd9aea4_p450x450.jpg','3589535,3540087,3589063,3589558,3584131,3586223,3586230,3583434,3587289,3589126,3586018,3590732,3550781,3627882,3589104,3589805,3589487,3581972,3589101,3555258,3589070,3555312,3586233,3586260,3585987,3586261,3586283,3585818,3586268,3589654,3585322,3581825','限村村响无线广播旗舰店指定商品,满200元使用','24,11,12','手机/数码,家用电器,家居生活','15277',NULL,NULL),(116,'10','408088','2018-11-21','2019-03-31','1','http://pic.ule.com/pic/user_800129284/product/prd20180924/8f5c74b008e77020_p800x800.jpg','','限渊豪男装专营店商品,满100元使用','','','23984',NULL,NULL),(117,'10','408501','2018-11-27','2019-01-31','1','','','限优汇家电专营店商品,满99元使用','38','大家电','7575',NULL,NULL),(118,'50','408349','2018-11-27','2019-01-31','1','','','限优汇家电专营店商品,满888元使用','38','大家电','7575',NULL,NULL),(119,'10','408433','2018-11-30','2019-01-31','1','http://pic.ule.com/pic/user_800106914/product/prd20181103/d37ee9b84b16b551_p800x800.jpg','','限九阳官方旗舰店商品,满99元使用','','','6972',NULL,NULL),(120,'20','408070','2018-11-19','2019-12-31','1','http://pic.ule.com/pic/user_800108684/product/prd20181110/f54328907e4b4f9e_p800x800.jpg','','限HANRIS瀚瑞服饰旗舰店商品,满200元使用','22','魅力男装','8095',NULL,NULL),(121,'50','408018','2018-11-19','2019-12-31','1','http://pic.ule.com/pic/user_800108684/product/prd20181110/f54328907e4b4f9e_p800x800.jpg','','限HANRIS瀚瑞服饰旗舰店商品,满300元使用','22','魅力男装','8095',NULL,NULL),(122,'10','408017','2018-11-19','2019-12-31','1','http://pic.ule.com/pic/user_800108684/product/prd20181110/f54328907e4b4f9e_p800x800.jpg','','限HANRIS瀚瑞服饰旗舰店商品,满100元使用','22','魅力男装','8095',NULL,NULL),(123,'20','408033','2018-11-21','2019-03-31','1','http://pic.ule.com/pic/user_800129284/product/prd20180924/8f5c74b008e77020_p800x800.jpg','','限渊豪男装专营店商品,满200元使用','','','23984',NULL,NULL),(124,'200','386070','2018-08-10','2019-01-31','2','http://pic.ule.com/pic/user_10035/product/prd20180926/funflow_201809261027404791.jpg','1454395','限九阳官方旗舰店指定商品,满1599元使用','11','家用电器','6972',NULL,NULL),(125,'50','407935','2018-11-21','2019-03-31','1','http://pic.ule.com/pic/user_800129284/product/prd20180924/8f5c74b008e77020_p800x800.jpg','','限渊豪男装专营店商品,满300元使用','','','23984',NULL,NULL),(126,'100','385961','2018-08-10','2019-01-31','2','http://pic4.ule.com/pic/user_800106914/product/prd20170317/2919fe039520d569_p800x800.jpg','2319348','限九阳官方旗舰店指定商品,满799元使用','11','家用电器','6972',NULL,NULL);
/*!40000 ALTER TABLE `discount` ENABLE KEYS */;

#
# Structure for table "list"
#

DROP TABLE IF EXISTS `list`;
CREATE TABLE `list` (
  `Id` int(11) NOT NULL AUTO_INCREMENT,
  `listId` varchar(255) DEFAULT NULL,
  `listName` varchar(255) DEFAULT NULL,
  `img` varchar(255) DEFAULT NULL,
  `province` varchar(255) DEFAULT NULL,
  `price` varchar(255) DEFAULT NULL,
  `storeName` varchar(255) DEFAULT NULL,
  `storeId` varchar(255) DEFAULT NULL,
  `maxPrice` varchar(255) DEFAULT NULL,
  `indexBanner` varchar(255) DEFAULT NULL,
  `indexAd` varchar(255) DEFAULT NULL,
  `indexFloor` varchar(255) DEFAULT NULL,
  `floorList` varchar(255) DEFAULT NULL,
  PRIMARY KEY (`Id`)
) ENGINE=MyISAM AUTO_INCREMENT=373 DEFAULT CHARSET=utf8 ROW_FORMAT=DYNAMIC;

#
# Data for table "list"
#

/*!40000 ALTER TABLE `list` DISABLE KEYS */;
INSERT INTO `list` VALUES (1,'3676165','【年货节-赣南小红薯】江西特产 地瓜红薯红蜜薯 沙地红心红薯5斤装','http://pic3.ulecdn.com/pic/user_800128405/product/prd20190103/8db52aa656584970_p450x450.jpg','江西省','19.90','赣州市扶贫地方馆','23096','29.90',NULL,NULL,NULL,NULL),(2,'3403364','甲森 原木纸浆卫生卷纸  卫生纸  550克（10卷）','http://pic3.ulecdn.com/pic/user_800110136/product/prd20170915/1c8ef1048ce9f273_p800x800.jpg','河南省','9.90','邮乐新乡馆','9269','12.30',NULL,NULL,NULL,NULL),(3,'3481144','【连平馆】九连山山水香米 农家自产香米 河源连平优质香米 5KG装','http://pic2.ulecdn.com/pic/user_800133573/product/prd20180502/7c68a1c0aa4372a9_p500x500.jpg','广东省','65.00','连平扶贫馆','28041','0.00',NULL,NULL,NULL,NULL),(4,'3628799','【和田扶贫地方馆】绿伞洗手液500ml 【驻村工作组专用】','http://pic1.ulecdn.com/pic/user_800139568/product/prd20181011/371a3471596c268b_p800x800.jpg','新疆维吾尔自治区','12.00','和田扶贫地方馆','31467','15.00',NULL,NULL,NULL,NULL),(6,'3604861','清风抽取式面巾纸','http://pic0.ulecdn.com/pic/user_800113444/product/prd20181108/e5c5f3dd4f23a4d3_p3680x3536.jpg','江苏省','9.90','邮滋味泰州馆','13635','10.00',NULL,NULL,NULL,NULL),(7,'3339412','海可艺 紫菜 净重40克 干货','http://pic2.ulecdn.com/pic/user_800110136/product/prd20180123/7858d940422a9e10_p800x800.jpg','河南省','9.90','邮乐新乡馆','9269','14.00',NULL,NULL,NULL,NULL),(8,'3662212','【预售】邮政专供 香菇组合（新鲜香菇加新鲜杏鲍菇）优惠券专用购买链接','http://pic1.ulecdn.com/pic/user_800132177/product/prd20181206/4dd8234ba4a01b05_p450x450.jpg','浙江省','150.00','分销分公司农产品专卖店专柜','26736','168.00',NULL,NULL,NULL,NULL),(9,'2776713','内江生活馆 东兴分公司 咸干蒜香味千年煮花生  76克/4袋  商家包邮','http://pic1.ulecdn.com/pic/user_800128987/product/prd20170817/a5d8bd67417d9c2a_p1920x1441.jpg','四川省','9.90','内江扶贫地方馆','23647','18.00',NULL,NULL,NULL,NULL),(10,'3672000','年货节特卖领券只要0.9元 蓬安特产吴馓子穿衣麻花王 160g/袋（12-15个） 现做现卖','http://pic2.ulecdn.com/pic/user_800115792/product/prd20181226/cc95564678b84cc0_p751x749.jpg','四川省','10.90','蓬安县特产直营店专柜','15604','20.00',NULL,NULL,NULL,NULL),(11,'3576929','【年货节】满10.1减10  宜宾高县邮政-好逸点老鸭汤炖料-350g*2省内包邮','http://pic1.ulecdn.com/pic/user_800133496/product/prd20180809/25b3d8043decefd5_p806x579.png','四川省','13.90','高县邮乐食品经营部专柜','27975','36.00',NULL,NULL,NULL,NULL),(12,'3588809','满10.1减10【四川达州馆】【麒怡香火锅油卤】  麻辣香辣鸭脖四川达州特产卤味零食100g','http://pic3.ulecdn.com/pic/user_800117503/product/prd20180820/eb4758a3a46c537a_p482x477.png','四川省','10.10','通川邮政旗舰店','17266','16.90',NULL,NULL,NULL,NULL),(13,'3278605','【年货节】 满20减10  麻辣牛肉干50g*5包  悦琦牛肉干四川特产零食小吃香辣牛肉干省内包邮','http://pic1.ulecdn.com/pic/user_800132981/product/prd20180418/185ec57cb4ae685b_p492x491.jpg','四川省','20.80','四川悦琦食品有限公司专柜','27474','29.90',NULL,NULL,NULL,NULL),(14,'3657375','【满10.1减10】柠檬小仙 安岳新鲜黄柠檬一级果6个装 酵素榨汁水果现发包邮','http://pic1.ulecdn.com/pic/user_800140097/product/prd20181126/f3b1fc44c48aeb4b_p450x450.jpg','四川省','11.80','资阳市扶贫地方馆','31862','15.80',NULL,NULL,NULL,NULL),(15,'3588798','【满20减10】【四川达州馆】蒲家禧盈门 清油、牛油火锅底料 全国包邮','http://pic3.ulecdn.com/pic/user_800117503/product/prd20180820/39a7f30749c99c07_p743x834.jpg','四川省','21.90','通川邮政旗舰店','17266','30.00',NULL,NULL,NULL,NULL),(16,'3655609','【四川雅安馆】满20减10 宝兴县正宗风干牦牛肉100g装 四川省内包邮','http://pic3.ulecdn.com/pic/user_800140062/product/prd20181122/e9f40a99d51281ec_p790x578.jpg','四川省','22.00','宝兴县地方扶贫馆','31827','30.00',NULL,NULL,NULL,NULL),(17,'3677820','助农扶贫  勐腊县倮德村委会黄竹林村 贫困户自种香芋 4斤包邮 1月10日发货','http://pic2.ulecdn.com/pic/user_800115865/product/prd20190107/614baec11c54666b_p1080x1440.jpg','云南省','19.90','西双版纳州扶贫地方馆','15718','35.00',NULL,NULL,NULL,NULL),(18,'3632703','【年货节满20减10】老盐井 自贡香辣冷吃兔200g袋装 经典地方特色美食','http://pic1.ulecdn.com/pic/user_800136938/product/prd20181016/9a4181a4e93b35bf_p750x750.jpg','四川省','20.90','自贡老盐井食品旗舰店','16110','28.00',NULL,NULL,NULL,NULL),(19,'2297735','2019年货节  满100减50  56枚高垭口粮食土鸡蛋农家散养鲜鸡蛋新鲜省内包邮','http://pic2.ulecdn.com/pic/user_800115539/product/prd20181117/4b592d7249fab08c_p800x800.jpg','四川省','59.80','岳池县高垭口土鸡蛋专柜','15422','120.00',NULL,NULL,NULL,NULL),(20,'3671787','【四川北川馆】大禹故里 北川羌妹子黑木耳115g袋装','http://pic3.ulecdn.com/pic/user_800134337/product/prd20181225/c4ffaa32604615a4_p800x800.jpg','四川省','20.00','绵阳扶贫地方馆','28809','25.00',NULL,NULL,NULL,NULL),(21,'3641273','【满20减10】蜀道香 烧烤牛肉88g 四川牛肉休闲零食小吃食品','http://pic1.ulecdn.com/pic/user_800139652/product/prd20181030/8c1808fbb2fe4144_p450x450.jpg','四川省','21.10','蜀道香食品旗舰店','31528','32.00',NULL,NULL,NULL,NULL),(22,'3166798','【满100减50】满斯香阿坝高原特产风干手撕牦牛肉干500g包邮','http://pic2.ulecdn.com/pic/user_800114479/product/prd20171103/8d96447ba7716823_p1080x1440.jpg','四川省','106.00','甜城坊专柜','14376','140.00',NULL,NULL,NULL,NULL),(23,'2751679','【第二份半价】老俵情 江西正宗赣南脐橙10斤70-80# 精品果安远甜橙子','http://pic2.ulecdn.com/pic/user_800128405/product/prd20181203/79f9ceb12488e88c_p500x500.jpg','江西省','68.00','赣州市扶贫地方馆','23096','78.00',NULL,NULL,NULL,NULL),(25,'3671680','三门“海边的胡柚 ‘’新鲜胡柚 三门特产 领券首单12.8元10斤装包邮 礼品盒装','http://pic3.ulecdn.com/pic/user_800110127/product/prd20190109/d2cdfa6db2674f71_p450x450.jpg','浙江省','22.80','海山仙子国特色美食旗舰店','9252','0.00',NULL,NULL,NULL,NULL),(26,'3670500','贵州铜仁特产松桃密柚原生态有机绿色水果','http://pic1.ulecdn.com/pic/user_800132581/product/prd20181223/f13b46f55d8a65d5_p450x450.jpg','贵州省','24.80','松桃县扶贫地方馆','27363','35.00',NULL,NULL,NULL,NULL),(27,'3215487','【预售】邮政专供 海鲜组合A（优惠券购买专用链接）','http://pic1.ulecdn.com/pic/user_800132177/product/prd20171128/3e881f4a50376e01_p1142x922.jpg','浙江省','420.00','分销分公司农产品专卖店专柜','26736','420.00',NULL,NULL,NULL,NULL),(28,'3665137','【邮乐长沙县馆】江四爷 香辣腊八豆258g*2瓶','http://pic2.ulecdn.com/pic/user_800140078/product/prd20181213/147eabcd899930d3_p800x800.jpg','湖南省','21.00','邮乐网长沙县馆','31870','29.60',NULL,NULL,NULL,NULL),(29,'3628488','【璧山邮乐馆】理文驿和抽纸','http://pic3.ulecdn.com/pic/user_800113071/product/prd20181013/4e77a1c4139623ea_p450x450.jpg','重庆','14.00','璧山特色农产馆专柜','13122','18.00',NULL,NULL,NULL,NULL),(30,'2430742','包邮 云南白药牙膏薄荷清爽型210g','http://pic3.ulecdn.com/pic/user_800106792/product/prd20180201/7426a8630497fefe_p800x800.jpg','河北省','35.00','锋福日化专营店','6919','59.00',NULL,NULL,NULL,NULL),(31,'2327219','【邮乐濮阳馆】TQ 佳娃洗衣粉4斤薰衣草香洗衣粉包邮批发价家用台前（雪鸟）','http://pic0.ulecdn.com/pic/user_800110400/product/prd20170322/27ee4d04a3ba7180_p600x600.jpg','河南省','10.50','邮翼电商','9514','15.00',NULL,NULL,NULL,NULL),(32,'3650032','【常 山胡柚】柚子常 山 胡柚 5斤装 新鲜水果 浙江特产包邮','http://pic4.ulecdn.com/pic/user_800115119/product/prd20181123/1869121884f139d0_p800x800.jpg','浙江省','19.90','浙江省常山柚乐专柜','14998','48.00',NULL,NULL,NULL,NULL),(33,'3215468','【预售】邮政专供 坚果组合B（优惠券专用购买链接）','http://pic1.ulecdn.com/pic/user_800132177/product/prd20171207/ee416168dd43668e_p1141x851.jpg','浙江省','200.00','分销分公司农产品专卖店专柜','26736','200.00',NULL,NULL,NULL,NULL),(34,'3556216','新款长毛绒室内居家秋冬季木地板防滑保暖静音EVA月子棉拖鞋 情侣拖鞋','http://pic3.ulecdn.com/pic/user_800132848/product/prd20180710/c0854e06e4222913_p800x800.jpg','河北省','12.00','羽妃韵兆美专营店','29273','35.00',NULL,NULL,NULL,NULL),(35,'3638921','【满100减50】蜀道香 招牌零食12款辣爽大礼盒824g 招牌零食盒子礼包','http://pic4.ulecdn.com/pic/user_800139652/product/prd20181026/890eea156414295b_p450x450.jpg','四川省','59.00','蜀道香食品旗舰店','31528','128.00',NULL,NULL,NULL,NULL),(36,'2296009','【四川广安馆岳池特产】2019年货节 满10.1减10劲道挂面1千克 省内包邮','http://pic4.ulecdn.com/pic/user_800116872/product/prd20180213/a8d72888092d4067_p450x450.jpg','四川省','10.10','岳池强辉面业直营专柜专柜','16710','15.00',NULL,NULL,NULL,NULL),(37,'3677778','【预售】梨树特产 新鲜现摘草莓±2斤 包邮 仅限四平地区','http://pic4.ulecdn.com/pic/user_800132524/product/prd20190107/54f49b4cd5d27d58_p800x800.jpg','吉林省','44.80','梨树县扶贫馆','27059','50.00',NULL,NULL,NULL,NULL),(38,'3649788','【邮政扶贫】开江县 任市特产 唐大姐 红豆腐《霉豆腐》500克全国包邮','http://pic1.ulecdn.com/pic/user_800113101/product/prd20181113/d1b49102dd4d72ab_p640x640.jpg','四川省','18.80','开江县扶贫地方馆','16138','25.00',NULL,NULL,NULL,NULL),(39,'3666281','【邮乐长沙县馆】薯福记 原味红薯片(2包装）250g*2袋','http://pic1.ulecdn.com/pic/user_800140078/product/prd20181215/746f099457e8cd3d_p1024x768.jpg','湖南省','20.50','邮乐网长沙县馆','31870','25.00',NULL,NULL,NULL,NULL),(40,'3582027','【四川 北川馆】绵阳米粉   一粉到   牛肉笋子肥肠笋子香菇鸡肉  3袋套装','http://pic3.ulecdn.com/pic/user_800134337/product/prd20190104/24abf98e9fd71df5_p800x800.jpg','四川省','35.40','绵阳扶贫地方馆','28809','39.00',NULL,NULL,NULL,NULL),(41,'3215461','【预售】邮政专供 坚果组合A（优惠券购买专用链接）','http://pic1.ulecdn.com/pic/user_800132177/product/prd20171207/ee416168dd43668e_p1141x851.jpg','浙江省','360.00','分销分公司农产品专卖店专柜','26736','360.00',NULL,NULL,NULL,NULL),(42,'2422767','一根:重庆梁平铁门高山新米1000g（试吃装）','http://pic1.ulecdn.com/pic/user_800110195/product/prd20170425/db4bad3752a4fa19_p450x461.jpg','重庆','9.90','梁平馆','9329','15.80',NULL,NULL,NULL,NULL),(43,'3649377','[邮政扶贫]新鲜水果南部赣南脐橙子新鲜水果 现摘现发 香甜多汁 (5kg)','http://pic2.ulecdn.com/pic/user_800139991/product/prd20181112/416a956678a4ccdf_p800x800.jpg','四川省','49.90','南部县扶贫地方馆','31760','69.90',NULL,NULL,NULL,NULL),(45,'3352403','靖安椪柑毛重约10斤 新鲜爽口多汁 肉质饱满','http://pic3.ulecdn.com/pic/user_800109980/product/prd20190109/58a591075ae6b158_p800x800.jpg','江西省','29.80','老俵情专柜','9055','38.00',NULL,NULL,NULL,NULL),(46,'3648474','正宗烤海鸭蛋咸鸭蛋40-49g 6枚简装非高邮咸鸭蛋','http://pic3.ulecdn.com/pic/user_800116420/product/prd20181130/be502441169d5747_p800x800.jpg','江苏省','12.90','木易生活专柜','16240','15.90',NULL,NULL,NULL,NULL),(47,'3289675','遵义赤水【野生冬笋】5斤装 楠竹笋 新鲜 生态 美味 贵州省内包邮','http://pic2.ulecdn.com/pic/user_800114286/product/prd20171213/f086344b1b6b2013_p720x720.jpg','贵州省','26.80','黔邮乡情邮乐馆','14519','35.80',NULL,NULL,NULL,NULL),(48,'3663936','【邮乐长沙县馆】吉小岚 深山放养农家纯天然新鲜土鸡蛋30枚生鲜装','http://pic2.ulecdn.com/pic/user_800140078/product/prd20181211/744f56855a19a751_p740x916.jpg','湖南省','58.00','邮乐网长沙县馆','31870','88.00',NULL,NULL,NULL,NULL),(49,'3353962','【邮乐宜春】中国优质桔柚之乡铜鼓甜心桔柚 6斤装 香脆清甜 美味可口 （85-95大果）','http://pic4.ulecdn.com/pic/user_800115568/product/prd20180201/d8b44dfa1ec80917_p450x450.jpg','江西省','42.00','邮乐宜春馆','15476','59.00',NULL,NULL,NULL,NULL),(50,'3329332','【预售】【一镇一品】雁江区碑记镇塔罗科血橙5斤装新鲜水果','http://pic3.ulecdn.com/pic/user_800114479/product/prd20180110/286bdc48b456c8f4_p1200x800.jpg','四川省','22.80','甜城坊专柜','14376','38.00',NULL,NULL,NULL,NULL),(51,'3676471','邮政助农 三门胡柚10斤包邮海边的胡柚独特的味道','http://pic4.ulecdn.com/pic/user_800140638/product/prd20190104/705bab55124f0f94_p450x450.jpg','浙江省','49.90','琴江农都专营店','32063','89.00',NULL,NULL,NULL,NULL),(53,'3091740','【拼团仅售9.9元】试吃装/精品新鲜橙子（4枚）70-75#正宗赣南脐橙 农家甜多汁','http://pic4.ulecdn.com/pic/user_800128405/product/prd20181114/72496bb00f55c720_p500x500.jpg','江西省','11.80','赣州市扶贫地方馆','23096','19.90',NULL,NULL,NULL,NULL),(55,'3625965','T宁福吉500克新疆原味生核桃新货 特产薄皮核桃 坚果炒货休闲零食','http://pic1.ulecdn.com/pic/user_800130491/product/prd20181008/84224bd6b0535521_p800x800.jpg','山东省','13.50','果然好口福专柜','25089','19.00',NULL,NULL,NULL,NULL),(56,'3158201','500g自封袋装焦糖味/山核桃味/红枣味/五香味/原味/奶油/瓜子 口味任选','http://pic0.ulecdn.com/pic/user_800112778/product/prd20171102/cf982e3daee8407a_p750x750.jpg','安徽省','11.00','亳州特色美食专柜','12862','20.00',NULL,NULL,NULL,NULL),(57,'3663882','【邮乐长沙县馆】哲农 丝苗米编织袋大米 5kg/袋','http://pic1.ulecdn.com/pic/user_800140078/product/prd20181210/1579d427192db272_p800x693.jpg','湖南省','36.00','邮乐网长沙县馆','31870','40.00',NULL,NULL,NULL,NULL),(58,'3651580','【开州馆】重庆开州脐橙 当季新鲜水果 现摘皮薄手剥橙子 带箱5斤装 第二件（合发10斤）仅需9.9元','http://pic1.ulecdn.com/pic/user_800111113/product/prd20181122/ff333293961042f2_p478x478.png','重庆','18.80','开州区扶贫地方馆','10259','32.00',NULL,NULL,NULL,NULL),(59,'3652250','【买2份，发一斤】俄罗斯风味国产紫皮糖夹心巧克力结婚喜糖果年货200g','http://pic1.ulecdn.com/pic/user_800116420/product/prd20181227/0bf72aeb43e255eb_p800x800.jpg','江苏省','9.90','木易生活专柜','16240','15.90',NULL,NULL,NULL,NULL),(60,'3662284','【预售】邮政专供 菌菇组合（干货）优惠券专用购买链接','http://pic4.ulecdn.com/pic/user_800110254/product/prd20181206/c6d83731d6a32b43_p564x614.jpg','浙江省','200.00','分销分公司农产品专卖店专柜','26736','220.00',NULL,NULL,NULL,NULL),(61,'3445889','血橙5斤中果（2件领券减10元，合并一箱发9斤）塔罗科橙子新鲜水果【当季鲜果】','http://pic2.ulecdn.com/pic/user_800134642/product/prd20190104/058044c5a3c593cd_p790x790.jpg','四川省','26.80','当季鲜果','29125','29.90',NULL,NULL,NULL,NULL),(62,'3674606','惟一 缘点原浆本色抽纸8包加厚4层 孕婴卫生纸巾餐巾纸面巾纸家用','http://pic1.ulecdn.com/pic/user_800116330/product/prd20181230/d3f47528f63716ee_p800x800.jpg','四川省','10.90','亿达官方旗舰店','16205','28.00',NULL,NULL,NULL,NULL),(63,'3551574','惟一 缘点10卷4层加厚不漂白竹浆本色纸家用卷纸卫生纸家庭卷筒纸巾批发','http://pic1.ulecdn.com/pic/user_800116330/product/prd20181123/765a6f74050b449b_p800x800.jpg','四川省','10.90','亿达官方旗舰店','16205','29.90',NULL,NULL,NULL,NULL),(64,'2464188','传统零食 手工沙琪玛 硬沙琪玛 酥脆500g 包邮 约为14-17包 产自彭泽','http://pic3.ulecdn.com/pic/user_800109909/product/prd20170515/4318b8db8404e9ce_p640x640.jpg','江西省','9.90','老俵情专柜','9055','15.80',NULL,NULL,NULL,NULL),(65,'3403344','甲森 白米醋+红烧酱汁 酿造工艺无添加更美味 800ML*2瓶白醋 寿司凉拌','http://pic2.ulecdn.com/pic/user_800110136/product/prd20180808/44f9819ad96eb77a_p750x750.jpg','河南省','9.90','邮乐新乡馆','9269','18.00',NULL,NULL,NULL,NULL),(66,'3338106','【年货节-会昌桔柚】江西特产甜心桔柚 橘柚 纯甜多汁好吃不上火 10斤礼盒包装','http://pic1.ulecdn.com/pic/user_800128405/product/prd20180115/8d30972fd1264f62_p450x450.jpg','江西省','68.00','赣州市扶贫地方馆','23096','88.00',NULL,NULL,NULL,NULL),(67,'3664164','农家自产 柿饼富平陕西特产非特级柿农家自制吊柿饼富平柿子饼8枚单独袋装','http://pic0.ulecdn.com/pic/user_800115383/product/prd20181211/7290ef8df48d7beb_p619x619.jpg','陕西省','29.90','浩辉农副产品专营店专柜','15220','39.90',NULL,NULL,NULL,NULL),(68,'3672825','【新年促销】东港久久草莓3斤（净果）精品包装，85元省内包邮','http://pic0.ulecdn.com/pic/user_800133822/product/prd20181228/843408185b6bc266_p730x947.jpg','辽宁省','85.00','丹东邮政专柜','28264','120.00',NULL,NULL,NULL,NULL),(69,'3636977','亏本冲量   什锦红枣夹核桃500g  和田大红枣加核桃仁葡萄干','http://pic0.ulecdn.com/pic/user_800116420/product/prd20181023/89dff64a4c838d33_p800x800.png','江苏省','19.90','木易生活专柜','16240','25.90',NULL,NULL,NULL,NULL),(70,'3143209','【第二份半价】新鲜橙子5斤装（精品果） 正宗赣南脐橙 现摘现发农家甜多汁孕妇榨汁水果','http://pic2.ulecdn.com/pic/user_800128405/product/prd20181203/26898bd33c6c4e2a_p500x500.jpg','江西省','36.00','赣州市扶贫地方馆','23096','49.00',NULL,NULL,NULL,NULL),(71,'1893352','健生源湖南麻阳冰糖橙新鲜水果纯天然橙子9斤带箱约10斤中号果甜橙麻橙爱心助农款','http://pic3.ulecdn.com/pic/user_800112616/product/prd20181129/25f957a92ad8d967_p800x800.jpg','湖南省','31.80','健生源旗舰店','12754','68.00',NULL,NULL,NULL,NULL),(72,'3403337','甲森 小米醋+红烧酱汁 酿造工艺无添加更美味 800ML*2瓶 凉拌必备调料包邮','http://pic3.ulecdn.com/pic/user_800110136/product/prd20170316/f19f41f58420e538_p750x711.jpg','河南省','9.90','邮乐新乡馆','9269','18.00',NULL,NULL,NULL,NULL),(73,'3666398','【邮乐长沙县馆】骄杨 特级绿茶 500g（100g*5袋）','http://pic4.ulecdn.com/pic/user_800140078/product/prd20181221/b05497bb6f030293_p1024x768.jpg','湖南省','120.00','邮乐网长沙县馆','31870','130.00',NULL,NULL,NULL,NULL),(74,'3661203','（爆款装扶贫助农）巴渝-涪陵特色馆     平西坝脐橙2.5KG/件（60-65MM果）','http://pic2.ulecdn.com/pic/user_800111366/product/prd20181205/4c43898182164138_p661x684.jpg','重庆','9.90','巴渝－涪陵特色馆专柜','10460','16.00',NULL,NULL,NULL,NULL),(75,'2428334','梁平味道-渝美滋 豆干、竹笋休闲麻辣小零食小包装400g','http://pic0.ulecdn.com/pic/user_800110195/product/prd20170502/a178997551420f85_p800x800.jpg','重庆','9.90','梁平馆','9329','15.90',NULL,NULL,NULL,NULL),(76,'1874434','宜春袁州区带塘村 野生板栗 2斤装','http://pic2.ulecdn.com/pic/user_800109909/product/prd20190107/4de4b9f074cebeff_p800x800.jpg','江西省','20.90','老俵情专柜','9055','27.00',NULL,NULL,NULL,NULL),(77,'3105628','【刘义芬丈母娘】微麻辣香肠四川特产川味烟熏农家自制腊肠辣肠烤肠','http://pic2.ulecdn.com/pic/user_800131340/product/prd20171023/e0114391af06be05_p800x800.jpg','四川省','28.80','刘义芬丈母娘旗舰店','26135','58.80',NULL,NULL,NULL,NULL),(78,'2453625','5罐装+礼袋 杯口留香【金骏眉】','http://pic2.ulecdn.com/pic/user_800119206/product/prd20170511/4983f44c839ea438_p800x800.jpg','安徽省','29.80','杯口留香邮乐农品旗舰店','19230','220.00',NULL,NULL,NULL,NULL),(79,'2267335','(限时抢购）屈姑糖水黄桃罐头425g*4罐 砀山黄桃直供对开新鲜水果黄桃罐头','http://pic0.ulecdn.com/pic/user_800112193/product/prd20170214/f714957bdedd097f_p800x800.jpg','湖北省','19.80','秭归扶贫地方馆','12321','48.00',NULL,NULL,NULL,NULL),(80,'3390337','【扶贫助农】预售 重庆血橙新鲜水果中华红肉雪脐橙红心橙子 5斤装','http://pic4.ulecdn.com/pic/user_800111113/product/prd20180305/89740dc9b1b08a16_p800x800.jpg','重庆','29.90','开州区扶贫地方馆','10259','50.00',NULL,NULL,NULL,NULL),(81,'3655548','【湖南馆】邮政扶贫精品正宗麻阳冰糖橙10斤装长寿果原产地发货','http://pic4.ulecdn.com/pic/user_800132003/product/prd20181123/58a36ec7ecd6b1fa_p450x450.jpg','湖南省','28.80','邮乐湖南省专柜','26763','58.00',NULL,NULL,NULL,NULL),(82,'1858275','玉山-红芽芋5斤 包邮 原产地直发','http://pic2.ulecdn.com/pic/user_800109909/product/prd20170915/a4d9549138cb2692_p800x800.jpg','江西省','14.00','老俵情专柜','9055','19.90',NULL,NULL,NULL,NULL),(83,'2073826','老刘头淮南牛肉汤方便速食粉丝汤安徽寿县特产4袋*100g(2原2辣）','http://pic3.ulecdn.com/pic/user_800115565/product/prd20170920/01f005ae4127b863_p800x800.jpg','安徽省','11.80','老刘头官方旗舰店','15509','15.80',NULL,NULL,NULL,NULL),(84,'3401904','双鹿蓝骑士7号电池10粒装 蓝骑士碳性7号10粒缩卡 环保儿童玩具专用无线键盘鼠标电池','http://pic0.ulecdn.com/pic/user_800110136/product/prd20170601/15d74a96b9b54afa_p450x450.jpg','河南省','9.90','邮乐新乡馆','9269','18.00',NULL,NULL,NULL,NULL),(85,'3007202','【赣州邮政官方自营】老俵情 正宗赣南脐橙10斤70-80# 安远甜橙子现摘现发包邮','http://pic0.ulecdn.com/pic/user_800128405/product/prd20181030/4323bbe9834613a5_p500x500.jpg','江西省','68.00','赣州市扶贫地方馆','23096','80.00',NULL,NULL,NULL,NULL),(86,'3401903','双鹿蓝骑士5号电池10粒装 蓝骑士碳性5号10粒缩卡 环保儿童玩具专用无线键盘鼠标电池','http://pic1.ulecdn.com/pic/user_800110136/product/prd20170601/4c3165df348a1bee_p450x450.jpg','河南省','9.90','邮乐新乡馆','9269','18.00',NULL,NULL,NULL,NULL),(87,'3187026','乐平黑芝麻花生饼 传统工艺(三种规格任选)250g*2袋装（买三送一）','http://pic4.ulecdn.com/pic/user_800109909/product/prd20171107/06b4f9053e6be177_p800x800.jpg','江西省','16.90','老俵情专柜','9055','32.00',NULL,NULL,NULL,NULL),(88,'3092346','【赣州邮政直营】第二份半价 江西特产正宗赣南脐橙5斤精品果（果径75-80mm） 现摘现发水果橙子','http://pic1.ulecdn.com/pic/user_800109909/product/prd20181107/400d930bae48baf2_p500x500.jpg','江西省','36.00','邮乐赣州馆','8069','36.00',NULL,NULL,NULL,NULL),(89,'3183194','【零食大集合】乐平黑芝麻花生饼 传统工艺 香甜可口（芝麻原味/芝麻花生味任选） 250g（买三送一）','http://pic4.ulecdn.com/pic/user_800109909/product/prd20171107/06b4f9053e6be177_p800x800.jpg','江西省','8.81','老俵情专柜','9055','9.90',NULL,NULL,NULL,NULL),(90,'3677253','【拍2份，发一斤】花生牛轧糖200g   休闲牛扎糖果奶糖20颗左右','http://pic4.ulecdn.com/pic/user_800116420/product/prd20190106/b4bb19ec18332ac4_p800x800.jpg','江苏省','7.90','木易生活专柜','16240','8.90',NULL,NULL,NULL,NULL),(91,'3215513','【预售】邮政专供 海鲜组合B（优惠券购买专用链接）','http://pic1.ulecdn.com/pic/user_800132177/product/prd20171128/3e881f4a50376e01_p1142x922.jpg','浙江省','300.00','分销分公司农产品专卖店专柜','26736','300.00',NULL,NULL,NULL,NULL),(92,'3582808','【团购】雪莲果8斤包邮（多发一斤补损坏，实发9斤） 现挖新鲜水果【当季鲜果】','http://pic3.ulecdn.com/pic/user_800134642/product/prd20180710/31dc4389c47a417c_p790x790.jpg','云南省','25.80','当季鲜果','29125','28.80',NULL,NULL,NULL,NULL),(93,'3265412','凯阳.金丝 山楂糕250克*2袋（开袋即食）山楂制品酸甜开胃零食','http://pic0.ulecdn.com/pic/user_800110136/product/prd20171129/460390d6762e6a07_p790x790.jpg','河南省','9.90','邮乐新乡馆','9269','12.00',NULL,NULL,NULL,NULL),(94,'3625071','2019-1《己亥年》猪年邮票 四轮生肖猪邮票方连 原胶全品','http://pic1.ulecdn.com/pic/user_800134196/product/prd20181003/cc8499fa2266574c_p1081x625.jpg','四川省','32.80','FX邮缘邮社','28645','35.00',NULL,NULL,NULL,NULL),(95,'3499816','贵州特产贵阳大西门麻辣萝卜干(糊辣椒贵阳盐酸菜) 500克','http://pic4.ulecdn.com/pic/user_800135702/product/prd20180515/868877e46e71fc7c_p800x800.jpg','贵州省','15.90','大美黔菜旗舰店','29655','20.00',NULL,NULL,NULL,NULL),(96,'3331977','TRU NIAGEN™ 乐加因胶囊体验装 60粒*3瓶','http://pic1.ulecdn.com/pic/user_800131993/product/prd20180321/a22a0c3174085ac4_p450x450.jpg','广东省','788.00','TRU NIAGEN海外旗舰店','26548','0.00',NULL,NULL,NULL,NULL),(97,'3488534','【辽阳馆】九星稻花香 东北大米 5KG  包邮（新疆、西藏、青海除外）','http://pic4.ulecdn.com/pic/user_800121264/product/prd20180507/ff4465fb148bc4ae_p2000x1333.jpg','辽宁省','26.90','中国邮政集团公司辽阳市分公司旗舰店','21307','39.90',NULL,NULL,NULL,NULL),(98,'3660576','六盘水盘州【雪莲果】7斤装 清甜香脆 生态种植 无污染 贵州省内包邮','http://pic3.ulecdn.com/pic/user_800114286/product/prd20181203/02540593d144b9b8_p720x720.jpg','贵州省','13.80','黔邮乡情邮乐馆','14519','19.80',NULL,NULL,NULL,NULL),(99,'3289674','遵义赤水【野生冬笋】楠竹笋5斤装 新鲜 生态 美味 贵州省内包邮','http://pic3.ulecdn.com/pic/user_800114286/product/prd20171213/4f95d1408b340979_p720x720.jpg','贵州省','26.80','黔邮乡情邮乐馆','14519','35.80',NULL,NULL,NULL,NULL),(100,'3675507','【年货盛宴】老俵情·赣南脐橙 江西特产玲珑果10斤(果径60-65mm) 农家现摘水果橙子','http://pic4.ulecdn.com/pic/user_800109909/product/prd20190107/be94eed9e666249a_p450x450.jpg','江西省','56.90','老俵情专柜','9055','68.00',NULL,NULL,NULL,NULL),(101,'3670195','幸福村 徐集花生糖 满口留香不粘牙 环保牛皮袋 传统手工制作 300g/袋','http://pic1.ulecdn.com/pic/user_800136950/product/prd20181222/eb62a2241588546d_p800x800.jpg','安徽省','9.90','中绿农品馆专柜','30421','22.00',NULL,NULL,NULL,NULL),(102,'3665300','郁美净 儿童霜50g娇嫩舒柔防护保湿滋润补水防干秋冬护肤','http://pic3.ulecdn.com/pic/user_800113246/product/prd20181015/08ea91feed60d5a9_p600x600.jpg','上海','13.90','容行美妆专营店','13650','16.90',NULL,NULL,NULL,NULL),(103,'2422261','拉菲正品法国原装进口红酒拉菲传奇干红葡萄酒单支','http://pic0.ulecdn.com/pic/user_800116688/product/prd20180409/30c9bcdb40eba155_p800x800.jpg','江苏省','199.00','人人酒酒类专营店','16481','399.00',NULL,NULL,NULL,NULL),(104,'3659940','宁福吉 新货新疆红枣5斤袋装天山雪水融灌天然吊杆原产地货源煲粥大枣包邮','http://pic0.ulecdn.com/pic/user_800130491/product/prd20181201/347259aa4b5f72d2_p800x800.jpg','山东省','12.90','果然好口福专柜','25089','19.90',NULL,NULL,NULL,NULL),(105,'3648890','槐荫下 男士棉鞋冬季加绒男鞋加厚保暖休闲工作鞋子防滑绒面韩版爸爸鞋CC-01雪地靴','http://pic2.ulecdn.com/pic/user_800129588/product/prd20181112/9435692715ed045a_p480x480.jpg','河北省','29.90','乐踏商贸旗舰店专柜','25782','59.00',NULL,NULL,NULL,NULL),(106,'3662744','【邮政助农】绍兴稽东古树香榧2018年新货农家自产贵族坚果净重500g独立小袋礼盒装江浙沪包邮','http://pic1.ulecdn.com/pic/user_800140394/product/prd20181207/42cdf9165b84397b_p530x601.jpg','浙江省','120.00','隆鼎香榧','31941','132.00',NULL,NULL,NULL,NULL),(107,'2510087','泰米栈 原装进口泰国茉莉香米 正宗泰国香米大米 精装礼品米 500g','http://pic0.ulecdn.com/pic/user_800115491/product/prd20180917/5d8465841a4a2c37_p800x800.jpg','广东省','22.80','泰丰兴旗舰店','15378','29.80',NULL,NULL,NULL,NULL),(108,'3659100','铜仁珍珠花生米农家2斤装2018年新生花生米 大部分地区包邮','http://pic0.ulecdn.com/pic/user_800130256/product/prd20181129/933abdc094fe3861_p450x450.jpg','贵州省','24.80','碧江区扶贫地方馆','25000','30.00',NULL,NULL,NULL,NULL),(109,'3586244','【电商扶贫】邮滋味 2斤装平明大米（精准扶贫润明贡米） 秒杀','http://pic4.ulecdn.com/pic/user_800109923/product/prd20180827/1e163443a866c06c_p800x800.jpg','江苏省','9.90','邮滋味江苏农产品省馆','9190','12.90',NULL,NULL,NULL,NULL),(113,'3586434','【电商扶贫】邮滋味 世林花生120g*4休闲零食特产','http://pic2.ulecdn.com/pic/user_800109923/product/prd20180824/a80364492c3a619c_p800x800.jpg','江苏省','11.90','邮滋味江苏农产品省馆','9190','16.00',NULL,NULL,NULL,NULL),(116,'3586526','【电商扶贫】邮滋味  泗阳苏花花生500g袋装','http://pic3.ulecdn.com/pic/user_800109923/product/prd20180826/4347a33db4034428_p800x800.jpg','江苏省','11.90','邮滋味江苏农产品省馆','9190','18.90',NULL,NULL,NULL,NULL),(117,'3590520','【电商扶贫】 邮滋味 粮博士射阳大米生态大米1kg','http://pic0.ulecdn.com/pic/user_800109923/product/prd20180824/610a4b6552494949_p800x800.jpg','江苏省','11.00','邮滋味江苏农产品省馆','9190','12.00',NULL,NULL,NULL,NULL),(118,'3658965','【邮乐长沙县馆】哲农 好味稻编织袋大米 5kg/袋','http://pic1.ulecdn.com/pic/user_800140078/product/prd20181129/5fda4d2435bb298a_p450x450.jpg','湖南省','36.00','邮乐网长沙县馆','31870','40.00',NULL,NULL,NULL,NULL),(120,'3590487','【电商扶贫】邮滋味 世林花生120g*4休闲零食特产','http://pic2.ulecdn.com/pic/user_800109923/product/prd20180824/a80364492c3a619c_p800x800.jpg','江苏省','11.90','邮滋味江苏农产品省馆','9190','16.00',NULL,NULL,NULL,NULL),(123,'3274491','邮滋味 禾煜 枸杞 80g','http://pic2.ulecdn.com/pic/user_800109923/product/prd20180122/64735b7ca2098545_p450x450.jpg','上海','11.20','邮滋味江苏农产品省馆','9190','20.00',NULL,NULL,NULL,NULL),(124,'3370734','【赣州邮政官方直营】试吃秒杀！江西特产赣南脐橙4个精品果（果径75-80mm） 现摘现发水果橙子','http://pic0.ulecdn.com/pic/user_800128405/product/prd20181030/f425d8dac754e6c0_p500x500.jpg','江西省','9.90','邮乐赣州馆','8069','18.00',NULL,NULL,NULL,NULL),(125,'3634571','【电商扶贫】邮滋味 双程原酿生抽酱油500ml*2健康厨房调味','http://pic3.ulecdn.com/pic/user_800109923/product/prd20181107/8481ee386747519b_p800x800.jpg','江苏省','12.90','邮滋味江苏农产品省馆','9190','16.00',NULL,NULL,NULL,NULL),(126,'3629396','王庄花生1斤装仅限蚌埠、淮北、亳州地区配送','http://pic4.ulecdn.com/pic/user_800134232/product/prd20181012/8ff42c9a30def515_p778x534.png','安徽省','10.00','六铺老街农产品专柜','28808','0.00',NULL,NULL,NULL,NULL),(127,'3590507','【电商扶贫】邮滋味 徐州 好彭邮 恒舜 苏北王大米5kg装','http://pic2.ulecdn.com/pic/user_800109923/product/prd20180827/9c2881edcf0f4cbd_p800x800.jpg','江苏省','28.50','邮滋味江苏农产品省馆','9190','35.00',NULL,NULL,NULL,NULL),(129,'3666275','【邮乐长沙县馆】薯福记 橙味红薯片(2包装）105g*2袋','http://pic2.ulecdn.com/pic/user_800140078/product/prd20181215/ab0fbd5446f8a83c_p800x533.jpg','湖南省','15.80','邮乐网长沙县馆','31870','20.00',NULL,NULL,NULL,NULL),(131,'3354994','【赣州邮政直营】仅售26.8元包邮！江西特产赣南脐橙5斤(果径60-65mm) 农家现摘水果橙子','http://pic2.ulecdn.com/pic/user_800107532/product/prd20181227/a880d2847691479e_p450x450.jpg','江西省','26.80','邮乐赣州馆','8069','36.00',NULL,NULL,NULL,NULL),(132,'3512796','邮滋味 天地精华大米卡488型','http://pic3.ulecdn.com/pic/user_800109923/product/prd20180525/2a0b503d1f026234_p984x481.jpg','江苏省','488.00','邮滋味江苏农产品省馆','9190','688.00',NULL,NULL,NULL,NULL),(134,'3380732','【庆元旦，SNP面膜年终回馈客户】SNP爱神菲动物（老虎 水獭 ）锁水保湿面膜 5片/盒','http://pic0.ulecdn.com/pic/user_800116176/product/prd20180301/67500ea44e882f35_p500x461.png','甘肃省','9.90','陕西炫迈生物科技有限公司专柜','16001','89.00',NULL,NULL,NULL,NULL),(135,'3665510','【仙桃馆】【一元换购】汰渍洗衣粉1kg（此商品需在仙桃邮政营业厅工作人员指导下购买）','http://pic3.ulecdn.com/pic/user_800112541/product/prd20181213/a1ba2c454f9037f1_p800x800.jpg','湖北省','16.00','邮乐仙桃馆','13522','16.90',NULL,NULL,NULL,NULL),(137,'3590554','【电商扶贫】邮滋味 涟水县 涟心湖有机大米 500g','http://pic1.ulecdn.com/pic/user_800109923/product/prd20180828/9478ea5ca8ed8271_p450x450.jpg','江苏省','11.00','邮滋味江苏农产品省馆','9190','15.00',NULL,NULL,NULL,NULL),(138,'3665171','【邮乐长沙县馆】江四爷 茶油剁椒258g*2瓶','http://pic4.ulecdn.com/pic/user_800140078/product/prd20181213/c127de0ecb54556b_p1440x1080.jpg','湖南省','21.00','邮乐网长沙县馆','31870','29.60',NULL,NULL,NULL,NULL),(139,'3590489','【电商扶贫】邮滋味 农家自产 扶贫助农 徐州丰县新鲜优质大蒜干蒜5斤','http://pic4.ulecdn.com/pic/user_800109923/product/prd20180826/915fb6f372a4facb_p800x800.jpg','江苏省','13.90','邮滋味江苏农产品省馆','9190','15.00',NULL,NULL,NULL,NULL),(141,'3590461','【电商扶贫】邮滋味 泗阳苏花花生500g袋装','http://pic3.ulecdn.com/pic/user_800109923/product/prd20180826/4347a33db4034428_p800x800.jpg','江苏省','11.90','邮滋味江苏农产品省馆','9190','18.90',NULL,NULL,NULL,NULL),(142,'3646317','【电商扶贫】邮滋味  双程原酿生抽酱油500ml*2健康厨房调味','http://pic3.ulecdn.com/pic/user_800109923/product/prd20181107/8481ee386747519b_p800x800.jpg','江苏省','12.90','邮滋味江苏农产品省馆','9190','22.00',NULL,NULL,NULL,NULL),(143,'3586837','邮滋味 甘汁园老冰糖 多晶体冰糖粒 炖品泡花茶煲汤酵素优质调料 300g','http://pic0.ulecdn.com/pic/user_800109923/product/prd20180817/056e6409c81c58c1_p600x600.jpg','江苏省','12.80','邮滋味江苏农产品省馆','9190','20.00',NULL,NULL,NULL,NULL),(144,'3638921','蜀道香 招牌零食12款辣爽大礼盒824g 招牌零食盒子礼包','http://pic4.ulecdn.com/pic/user_800139652/product/prd20181026/890eea156414295b_p450x450.jpg','四川省','59.00','蜀道香食品旗舰店','31528','128.00',NULL,NULL,NULL,NULL),(145,'3390629','【鞍山】农产品返城 天津沙窝萝卜2.5kg 包邮','http://pic4.ulecdn.com/pic/user_800129319/product/prd20180306/b0b45faa66f3e4ee_p587x567.png','辽宁省','35.00','中国邮政集团公司鞍山市分公司专柜','24112','0.00',NULL,NULL,NULL,NULL),(147,'3654948','邮滋味 爱丁堡 海底捞 火锅底料 醇香牛油麻辣底料火锅底料调味料150g','http://pic4.ulecdn.com/pic/user_800109923/product/prd20181121/e73488aac91d8bdb_p600x600.jpg','江苏省','13.90','邮滋味江苏农产品省馆','9190','15.90',NULL,NULL,NULL,NULL),(148,'2176538','梁平味道-礼让永鸿豆筋250G  9.9元全国包邮','http://pic2.ulecdn.com/pic/user_800110195/product/prd20170308/66b406da49afdbf4_p800x607.jpg','重庆','9.90','梁平馆','9329','13.50',NULL,NULL,NULL,NULL),(149,'3654898','邮滋味 水裕青 展艺 糯米粉 500g','http://pic0.ulecdn.com/pic/user_800109923/product/prd20181121/e1d9f3ecde46c597_p800x800.jpg','江苏省','12.50','邮滋味江苏农产品省馆','9190','18.00',NULL,NULL,NULL,NULL),(150,'3641273','蜀道香 烧烤牛肉88g 四川牛肉休闲零食小吃食品','http://pic1.ulecdn.com/pic/user_800139652/product/prd20181030/8c1808fbb2fe4144_p450x450.jpg','四川省','21.10','蜀道香食品旗舰店','31528','32.00',NULL,NULL,NULL,NULL),(151,'3659498','【助农扶贫】金华邮政—曹宅春香橘柚  5斤装','http://pic0.ulecdn.com/pic/user_800109710/product/prd20181130/d74edb9449d48c29_p1080x1440.jpg','浙江省','45.00','邮乐金华馆专柜','8955','0.00',NULL,NULL,NULL,NULL),(154,'3654864','邮滋味 水裕青 展艺 西米 300g','http://pic2.ulecdn.com/pic/user_800109923/product/prd20181121/cc4a61b40929bea5_p800x800.jpg','江苏省','11.90','邮滋味江苏农产品省馆','9190','18.00',NULL,NULL,NULL,NULL),(155,'3586387','【电商扶贫】邮滋味 涟水县 涟心湖有机大米 500g 秒杀','http://pic3.ulecdn.com/pic/user_800109923/product/prd20180827/6f796dd5487e3454_p800x800.jpg','江苏省','11.00','邮滋味江苏农产品省馆','9190','15.00',NULL,NULL,NULL,NULL),(159,'3418584','泊泉雅艾叶泡脚粉8g*100袋 足浴粉洗脚粉舒缓肌肤足部护理','http://pic2.ulecdn.com/pic/user_800114393/product/prd20180326/6ddd764b2f967708_p800x800.jpg','福建省','19.90','溪水昌柳美妆专营店','14914','59.00',NULL,NULL,NULL,NULL),(161,'3665343','【邮乐长沙县馆】湘行天下 香辣腊八豆280g*2瓶','http://pic2.ulecdn.com/pic/user_800140078/product/prd20181213/cea532944a4898db_p800x800.jpg','湖南省','21.80','邮乐网长沙县馆','31870','25.60',NULL,NULL,NULL,NULL),(163,'3676008','百分果 每日坚果4天装 25克*4包， 缤纷果仁 每日果仁','http://pic1.ulecdn.com/pic/user_800116420/product/prd20190103/6baa0df0dad63c9e_p450x450.jpg','江苏省','15.90','木易生活专柜','16240','16.90',NULL,NULL,NULL,NULL),(164,'3665326','【邮乐长沙县馆】江四爷 紫苏火培鱼（小罐装）88g*3瓶','http://pic0.ulecdn.com/pic/user_800140078/product/prd20181213/ef9b27f73af780fe_p1024x768.jpg','湖南省','18.80','邮乐网长沙县馆','31870','21.00',NULL,NULL,NULL,NULL),(167,'3596498','【电商扶贫】邮滋味 世林花生120g*6休闲零食特产','http://pic0.ulecdn.com/pic/user_800109923/product/prd20180828/0f41a2b9520678cf_p450x450.jpg','江苏省','15.10','邮滋味江苏农产品省馆','9190','0.00',NULL,NULL,NULL,NULL),(168,'3676001','【买2份送100克.整整500克】俄罗斯风味国产紫皮糖夹心巧克力结婚喜糖果年货200g','http://pic3.ulecdn.com/pic/user_800116420/product/prd20190103/7e49e5a275eb78d5_p450x450.jpg','江苏省','9.90','木易生活专柜','16240','15.90',NULL,NULL,NULL,NULL),(170,'3616321','邮滋味 心中甜 蟹黄瓜子仁108g 葵花籽仁','http://pic2.ulecdn.com/pic/user_800109923/product/prd20180919/b7eaf32714f41649_p600x600.jpg','江苏省','12.90','邮滋味江苏农产品省馆','9190','15.90',NULL,NULL,NULL,NULL),(174,'3677342','农家自产 太行山山楂果1000克','http://pic3.ulecdn.com/pic/user_800110136/product/prd20181229/f8c44b8e8c9a44a9_p800x800.jpg','河南省','12.90','邮乐新乡馆','9269','16.00',NULL,NULL,NULL,NULL),(175,'3656733','皇帝柑4.5斤包邮（拍2件领券减10元，合并一件发9斤）广西贡柑 纯甜柑橘 现摘新鲜水果【当季鲜果】','http://pic1.ulecdn.com/pic/user_800134642/product/prd20181203/6d876f6e26c70b09_p790x790.jpg','广西壮族自治区','26.80','当季鲜果','29125','28.80',NULL,NULL,NULL,NULL),(179,'3659992','【团购】冰糖橙4.5斤（拍2件领券减10元，合并一箱发9斤） 湖南麻阳甜橙子 新鲜水果【当季鲜果】','http://pic2.ulecdn.com/pic/user_800134642/product/prd20181213/75f2ae4f0da4b72f_p790x790.jpg','四川省','22.80','当季鲜果','29125','28.80',NULL,NULL,NULL,NULL),(181,'3665452','【年货节】  满10.1减10  宜宾邮政 江安中坝脐橙2.5公斤左右  全国包邮（偏远地区除外）。','http://pic1.ulecdn.com/pic/user_800139765/product/prd20181213/416e4d02a2454593_p794x461.png','四川省','16.80','农品专卖','31640','36.00',NULL,NULL,NULL,NULL),(183,'3629631','【电商扶贫】邮滋味 农家自产 扶贫助农 徐州丰县新鲜优质大蒜干蒜5斤','http://pic1.ulecdn.com/pic/user_800109923/product/prd20181012/bb8dbe6669ecf509_p450x450.jpg','江苏省','13.90','邮滋味江苏农产品省馆','9190','16.00',NULL,NULL,NULL,NULL),(184,'3663891','【邮乐长沙县馆】哲农 软湘稻大米 5kg/袋','http://pic4.ulecdn.com/pic/user_800140078/product/prd20181210/abfe0c5ebbbab292_p645x557.jpg','湖南省','50.00','邮乐网长沙县馆','31870','53.00',NULL,NULL,NULL,NULL),(186,'3666270','【邮乐长沙县馆】薯福记 黑芝麻红薯片(2包装）105g*2袋','http://pic1.ulecdn.com/pic/user_800140078/product/prd20181215/c92b7d4579934c78_p800x533.jpg','湖南省','15.80','邮乐网长沙县馆','31870','20.00',NULL,NULL,NULL,NULL),(187,'3665140','【邮乐长沙县馆】江四爷 杏鲍菇辣酱258g*2瓶','http://pic0.ulecdn.com/pic/user_800140078/product/prd20181213/63c14ce0a2021b02_p800x800.jpg','湖南省','24.80','邮乐网长沙县馆','31870','29.60',NULL,NULL,NULL,NULL),(191,'3598237','【年货节限时拼】乐平黑芝麻花生饼 传统工艺(三种规格任选)250g*2袋装','http://pic4.ulecdn.com/pic/user_800109909/product/prd20171107/06b4f9053e6be177_p800x800.jpg','江西省','16.90','老俵情专柜','9055','32.00',NULL,NULL,NULL,NULL),(192,'2284653','泊泉雅 玻尿酸补水盈润套装礼盒 护肤套装滋润美肌保湿 面部套装BQY','http://pic2.ulecdn.com/pic/user_800107446/product/prd20170224/b59e3ad556420e9f_p553x552.jpg','浙江省','49.90','粉红女郎专营店','8494','158.00',NULL,NULL,NULL,NULL),(193,'3663914','【邮乐长沙县馆】哲农 柬湘稻大米 5kg/袋','http://pic0.ulecdn.com/pic/user_800140078/product/prd20181210/8dab8c322fe6a2b0_p450x450.jpg','湖南省','55.00','邮乐网长沙县馆','31870','58.00',NULL,NULL,NULL,NULL),(194,'3610482','【电商扶贫】邮滋味 兴化生态农村散养土鸡蛋草鸡蛋10枚装','http://pic2.ulecdn.com/pic/user_800109923/product/prd20180917/1bef7c3184c4554c_p800x800.jpg','江苏省','15.00','邮滋味江苏农产品省馆','9190','20.00',NULL,NULL,NULL,NULL),(196,'3657401','【5双棉袜 9.9包邮】2018秋冬季新款加厚仿羊毛袜 男女厚款保暖棉袜 成人休闲袜子FX','http://pic4.ulecdn.com/pic/user_800128798/product/prd20181126/c868ff69ed05e754_p750x750.jpg','安徽省','15.90','康吉鸟内衣专柜','30329','29.00',NULL,NULL,NULL,NULL),(197,'3665147','【邮乐长沙县馆】江四爷 拌饭香辣酱258g*2瓶','http://pic2.ulecdn.com/pic/user_800140078/product/prd20181213/45138aa4e7d94f15_p800x800.jpg','湖南省','24.80','邮乐网长沙县馆','31870','29.60',NULL,NULL,NULL,NULL),(200,'3664464','农家自产 柿饼礼盒试吃装装富平吊柿饼特级独立包装陕西特产柿子饼8枚装','http://pic0.ulecdn.com/pic/user_800115383/product/prd20181211/7290ef8df48d7beb_p619x619.jpg','陕西省','25.90','浩辉农副产品专营店专柜','15220','39.90',NULL,NULL,NULL,NULL),(203,'3626854','年货节【东北特产】吉林市【三河站】【限时拼】袋装黑木耳 75g 长白山椴木秋木耳 东北无根干货','http://pic0.ulecdn.com/pic/user_800115987/product/prd20171027/c23028397054133b_p450x450.jpg','吉林省','19.80','吉林市扶贫地方馆','15878','19.80',NULL,NULL,NULL,NULL),(204,'3656068','台湾青枣3斤包邮（2件领券减10元，合并一箱发6斤） 脆甜冬枣 现摘牛奶蜜枣 【当季鲜果】','http://pic0.ulecdn.com/pic/user_800134642/product/prd20190104/0b96872839747b0b_p790x790.jpg','云南省','23.80','当季鲜果','29125','38.80',NULL,NULL,NULL,NULL),(236,'3654884','邮滋味 水裕青 展艺 红豆沙（水洗） 500g','http://pic2.ulecdn.com/pic/user_800109923/product/prd20181121/e69a63894beefbfc_p800x800.jpg','江苏省','13.90','邮滋味江苏农产品省馆','9190','19.00',NULL,NULL,NULL,NULL),(237,'3365464','海之源亮净 全效浓缩洗衣液3kg袋装 怡神薰衣草花香味','http://pic4.ulecdn.com/pic/user_800110136/product/prd20180206/7c636f21bd54d0ba_p800x800.jpg','河南省','9.90','邮乐新乡馆','9269','28.00',NULL,NULL,NULL,NULL),(238,'2453596','杯口留香茶叶 碧螺春50g','http://pic4.ulecdn.com/pic/user_800119206/product/prd20181214/b466ba3da007b006_p800x800.jpg','安徽省','10.00','杯口留香邮乐农品旗舰店','19230','60.00',NULL,NULL,NULL,NULL),(240,'1837302','【年货盛宴】广昌长桥村 农家手工米粉 粉干5斤装 包邮','http://pic0.ulecdn.com/pic/user_800109909/product/prd20190107/80741f0a0d7be02a_p450x450.jpg','江西省','28.00','老俵情专柜','9055','28.00',NULL,NULL,NULL,NULL),(241,'3666114','小溪富硒椪柑【农家自产】藏在深山里的甜蜜致富果，纯绿色天然休闲食品。','http://pic2.ulecdn.com/pic/user_800140548/product/prd20181215/9f28448e98bfe051_p800x800.jpg','湖南省','38.00','桔湘罗乐店','32004','48.00',NULL,NULL,NULL,NULL),(242,'3652390','百全海鲜大礼包-AA款 海鲜礼盒 省内顺丰包邮 SJHX','http://pic2.ulecdn.com/pic/user_800134051/product/prd20181118/9a18b03aef611736_p885x885.jpg','河南省','488.00','邮乐郑州店','28514','0.00',NULL,NULL,NULL,NULL),(243,'3663766','七公主果园*中华红红橙5斤家庭装','http://pic1.ulecdn.com/pic/user_800139951/product/prd20181210/9b87459943c7aa1b_p450x450.jpg','湖北省','19.90','七公主果园旗舰店','31758','0.00',NULL,NULL,NULL,NULL),(244,'3515553','创维/SKYWORTH-(BD/C-162)','http://pic2.ulecdn.com/pic/user_800133324/product/prd20180528/39d4ec6ec43558e4_p450x450.jpg','江苏省','1,199.00','邮乐通州馆专柜','28983','0.00',NULL,NULL,NULL,NULL),(245,'3675556','【湖州两山】240g（3块）羊排  顺丰包邮  年货促销湖羊羊排法排  现杀羔羊肉','http://pic4.ulecdn.com/pic/user_800140849/product/prd20190102/1f4c689b4265174a_p701x701.jpg','浙江省','29.90','湖州两山农品汇旗舰店','32204','59.80',NULL,NULL,NULL,NULL),(246,'3676451','丽水市开潭村甜橘柚（助农项目）','http://pic1.ulecdn.com/pic/user_800109295/product/prd20190104/4bbcbf44ee9db0e6_p450x450.png','浙江省','65.00','丽水馆专柜','8594','98.00',NULL,NULL,NULL,NULL),(247,'2440318','惟一 缘点原浆本色抽纸8包加厚4层 卫生纸巾餐巾纸面巾纸','http://pic1.ulecdn.com/pic/user_800116330/product/prd20181230/d3f47528f63716ee_p800x800.jpg','四川省','9.90','亿达官方旗舰店','16205','28.00',NULL,NULL,NULL,NULL),(248,'2453634','杯口留香【蒲公英茶】','http://pic2.ulecdn.com/pic/user_800119206/product/prd20170725/b6c3dcc4f0fa1f5b_p800x800.jpg','安徽省','9.90','杯口留香邮乐农品旗舰店','19230','33.00',NULL,NULL,NULL,NULL),(249,'3640744','【邮乐政和馆】【扶贫助农】政和高山巨峰2018新货大颗粒吊瓜子大籽炒货400g袋装（可重复下单)','http://pic3.ulecdn.com/pic/user_800129113/product/prd20181102/f57cbcad84ca5a44_p800x800.jpg','福建省','33.80','邮乐农品政和馆专柜','24363','40.00',NULL,NULL,NULL,NULL),(250,'2971674','[石柱馆]  年货节 农家自产 百香果一斤装 买二送一啦！','http://pic1.ulecdn.com/pic/user_800110808/product/prd20170908/6a886a003494fa27_p570x510.jpg','重庆','9.90','石柱土家族自治县扶贫地方馆','9969','15.00',NULL,NULL,NULL,NULL),(251,'3585659','老炊牌牛肉粒 60g*3袋，包邮','http://pic1.ulecdn.com/pic/user_800107805/product/prd20180816/b504cada61999614_p583x579.png','安徽省','13.80','老炊食品专柜','7738','36.00',NULL,NULL,NULL,NULL),(252,'3421722','香菇干50g（试吃装）干香菇脱水蔬菜 绿色特产干货 炖肉煲汤鲜美浓郁','http://pic1.ulecdn.com/pic/user_800110136/product/prd20170602/d534b1d74a1c88b1_p800x800.jpg','河南省','9.90','邮乐新乡馆','9269','18.00',NULL,NULL,NULL,NULL),(253,'3636746','汇源真鲜橙','http://pic1.ulecdn.com/pic/user_800113444/product/prd20181023/79cc924ed7a70acf_p750x750.jpg','江苏省','9.90','邮滋味泰州馆','13635','12.00',NULL,NULL,NULL,NULL),(254,'3337356','润美宝 天然薰香洗衣液2.188L 芬芳洁净 机洗手洗家庭装','http://pic2.ulecdn.com/pic/user_800110136/product/prd20180115/8e622a4b8696c0c7_p800x800.jpg','河南省','9.90','邮乐新乡馆','9269','14.00',NULL,NULL,NULL,NULL),(255,'3600594','【泰州】【兴化】兴化生态农村散养土鸡蛋草鸡蛋6枚装','http://pic0.ulecdn.com/pic/user_800113444/product/prd20180427/4f27ac46109217af_p450x450.jpg','江苏省','9.90','邮滋味泰州馆','13635','0.00',NULL,NULL,NULL,NULL),(256,'3641749','【限量秒杀200份】宜昌蜜桔白庙酸甜蜜桔5斤桔子柑橘包邮','http://pic2.ulecdn.com/pic/user_800117211/product/prd20181108/58ee62ae54c66ae7_p800x800.jpg','湖北省','15.80','五峰扶贫地方馆','17024','0.00',NULL,NULL,NULL,NULL),(257,'3641001','【麻阳农品】精品正宗麻阳冰糖橙长寿果，10斤装32.8元甘甜 无渣 爽口原产地发货','http://pic4.ulecdn.com/pic/user_800115285/product/prd20181205/a70bcefd487bb9ec_p450x450.jpg','湖南省','32.80','邮乐怀化馆','16033','39.90',NULL,NULL,NULL,NULL),(258,'3069058','【邮乐宜春馆】宜春丰城特产野生香菇 250g/袋','http://pic0.ulecdn.com/pic/user_800115568/product/prd20171016/7d4e5e940d14f748_p800x800.jpg','江西省','38.90','邮乐宜春馆','15476','42.00',NULL,NULL,NULL,NULL),(259,'2493831','哈萨克斯坦slakon月亮香蕉面包粗粮 450g 全国包邮','http://pic0.ulecdn.com/pic/user_800113878/product/prd20180817/4f625c41940bf83e_p800x800.jpg','新疆维吾尔自治区','17.00','塔城扶贫地方馆','13907','28.00',NULL,NULL,NULL,NULL),(260,'3130689','健美创研（MayCreate）滋润保湿润唇膏3.8g 湿滋润 修复唇纹','http://pic4.ulecdn.com/pic/user_800114393/product/prd20171024/0dc2716ade224c23_p800x800.jpg','福建省','9.90','溪水昌柳美妆专营店','14914','58.00',NULL,NULL,NULL,NULL),(261,'2880578','凉山盐源邮政 富士苹果 直径9.0公分以上　24枚装　','http://pic1.ulecdn.com/pic/user_800115144/product/prd20171116/3e861c1116cb46fb_p1837x1223.jpg','四川省','98.00','盐源邮政农特产品专卖旗舰店','15000','108.00',NULL,NULL,NULL,NULL),(262,'3544359','【邮老哥】秦岭深山特产香菇酱 拌面下饭酱 炒菜酱 两瓶12.9包邮','http://pic1.ulecdn.com/pic/user_800136661/product/prd20180914/c9422dbad24e7968_p800x786.jpg','陕西省','12.90','商洛市扶贫地方馆','30100','20.90',NULL,NULL,NULL,NULL),(263,'2551289','一套5卷100只加厚彩色垃圾袋厨房卫生间家用垃圾袋','http://pic3.ulecdn.com/pic/user_800120910/product/prd20170613/352d7640f240878e_p750x750.jpg','江苏省','9.90','全悦生活馆专柜','20718','12.90',NULL,NULL,NULL,NULL),(264,'3060945','【买二送一】红豆薏米粉600g 薏仁五谷杂粮代餐粉 祛湿 早餐晚餐方便速食包邮','http://pic2.ulecdn.com/pic/user_800131299/product/prd20171011/7485bafa25365715_p800x800.jpg','河北省','17.94','七头牛有机粮旗舰店专柜','25925','29.90',NULL,NULL,NULL,NULL),(265,'3677131','健生源湖南麻阳冰糖橙新鲜水果纯天然橙子5斤M装甜橙麻橙爱心助农款','http://pic3.ulecdn.com/pic/user_800112616/product/prd20190106/42a3959bcf6f5297_p450x450.jpg','湖南省','21.80','健生源旗舰店','12754','48.00',NULL,NULL,NULL,NULL),(266,'3257438','阗缘红 和田大枣  428克','http://pic3.ulecdn.com/pic/user_800110136/product/prd20171102/c9047ef9e1a1e054_p800x800.jpg','河南省','9.90','邮乐新乡馆','9269','14.00',NULL,NULL,NULL,NULL),(267,'3229700','华之慧大别山高山农家散养新鲜土鸡蛋笨鸡蛋柴鸡蛋60枚','http://pic1.ulecdn.com/pic/user_800108072/product/prd20171117/8b32b46fb9e2dbfe_p800x800.jpg','安徽省','68.00','华之慧旗舰店','7791','120.00',NULL,NULL,NULL,NULL),(268,'2453633','杯口留香【柠檬干片】50克','http://pic0.ulecdn.com/pic/user_800119206/product/prd20170726/d61345c4a2325a51_p800x800.jpg','安徽省','9.90','杯口留香邮乐农品旗舰店','19230','28.00',NULL,NULL,NULL,NULL),(269,'3678892','【预售】核桃 5斤装  将于2019年1月17日开始发货','http://pic4.ulecdn.com/pic/user_800140292/product/prd20190109/2fb9c579514d9e2b_p800x509.jpg','四川省','38.00','阳初乡味专营店','32229','60.00',NULL,NULL,NULL,NULL),(270,'3665348','【邮乐长沙县馆】湘行天下 香辣腊八豆1kg','http://pic2.ulecdn.com/pic/user_800140078/product/prd20181213/c594be9aeb4310da_p800x800.jpg','湖南省','25.80','邮乐网长沙县馆','31870','29.80',NULL,NULL,NULL,NULL),(271,'3662758','惟一 【12包整件装】缘点食品级本色抽纸 餐巾纸面巾纸卫生纸巾','http://pic4.ulecdn.com/pic/user_800116330/product/prd20181230/6785163455281a8b_p800x800.jpg','四川省','14.90','亿达官方旗舰店','16205','38.00',NULL,NULL,NULL,NULL),(272,'3669766','三门特色胡柚10斤包邮','http://pic4.ulecdn.com/pic/user_800140638/product/prd20181221/5c4a6c9af56a0c9c_p790x794.jpg','浙江省','39.80','琴江农都专营店','32063','0.00',NULL,NULL,NULL,NULL),(273,'3672210','【年货节】  满10.1减10  宜宾邮政  戎陈坊 酱腌菜 大头菜丝+萝卜干+豇豆组合52gX6袋','http://pic0.ulecdn.com/pic/user_800114491/product/prd20181226/e8b4e2a9d34616bb_p800x800.jpg','四川省','10.20','戎陈坊食品专柜','14520','25.00',NULL,NULL,NULL,NULL),(274,'3243287','【2018年新果精品酸甜脆爽】陕西白水特产新鲜精品苹果5斤/箱（14-16枚 ；70#-75#混装）','http://pic1.ulecdn.com/pic/user_800132522/product/prd20181113/d9a270cd3b14ef7b_p700x700.jpg','陕西省','26.80','蒲城县扶贫地方馆','27048','58.00',NULL,NULL,NULL,NULL),(275,'2453642','【买2送勺】 红糖姜茶姜块','http://pic2.ulecdn.com/pic/user_118713/product/prd20170509/518418e60ace163c_p800x800.jpg','安徽省','9.90','杯口留香邮乐农品旗舰店','19230','68.00',NULL,NULL,NULL,NULL),(276,'3655019','太行特产开心杏核160g 坚果 零食 手剥 包邮 营养食品','http://pic2.ulecdn.com/pic/user_800110136/product/prd20170821/911a271d3ae20b9d_p800x800.jpg','河南省','9.90','邮乐新乡馆','9269','15.00',NULL,NULL,NULL,NULL),(277,'3647676','纤姿洁 熊猫抽纸 本色面巾纸原生竹浆18包餐厅家用卫生纸巾婴儿纸抽','http://pic3.ulecdn.com/pic/user_800134358/product/prd20181109/b6ebdda547b2ac26_p1200x1200.jpg','重庆','29.90','纤姿洁官方旗舰店','28828','99.00',NULL,NULL,NULL,NULL),(278,'309174001','【拼团仅售9.9元】试吃装/精品新鲜橙子（4枚）70-75#正宗赣南脐橙 农家甜多汁','e3a7c97c7cd5ba41_-1x-1.jpg',NULL,'9.90','赣州市扶贫地方馆',NULL,NULL,'banner2-1',NULL,NULL,NULL),(279,'366910301','【新农哥】坚果零食大礼包992g      8种美食营养健康','41348bf10d3bd1b9_-1x-1.jpg',NULL,'39.90','新农哥旗舰店',NULL,NULL,'banner2-1',NULL,NULL,NULL),(280,'360590201','博锐/POREE PS162剃须刀电动剃须刀充电刮胡刀','eb8f64786864fe91_-1x-1.jpg',NULL,'27.90','永杞电器专营店',NULL,NULL,'banner2-1',NULL,NULL,NULL),(281,'366877106','秋冬女款围巾百搭两用披肩长款保暖','34857b63336ee458_-1x-1.jpg',NULL,'19.00','明凰服饰专营店',NULL,NULL,'banner2-1',NULL,NULL,NULL),(282,'299909102','宁福吉 5斤起批新疆原味生核桃新货 特产薄皮核桃 坚果炒货休闲零食包邮','b2294ae9cff4db29_-1x-1.jpg',NULL,'9.90','果然好口福专柜',NULL,NULL,'banner2-2',NULL,NULL,NULL),(283,'362592101','【团购】水山药5斤包邮 河南白玉淮山 新鲜粗山药 【当季鲜果】','66cc7d6f2824d958_-1x-1.jpg',NULL,'23.80','当季鲜果',NULL,NULL,'banner2-2',NULL,NULL,NULL),(284,'366737801','边走边淘 广西高乐密芒果 5斤 单果200g 包邮','dc32d496bac23189_-1x-1.png',NULL,'34.80','边走边淘特色美食旗舰店',NULL,NULL,'banner2-2',NULL,NULL,NULL),(285,'365577101','荔浦香芋5斤包邮（约5-7个） 广西芋头 软糯香甜 【当季鲜果】','5815048bfad9757d_-1x-1.jpg',NULL,'34.80','当季鲜果',NULL,NULL,'banner2-2',NULL,NULL,NULL),(286,'357637901','【漳浦馆】儿童小蜜薯5斤正宗现挖漳浦六鳌沙地红心地瓜红蜜薯小香薯富硒地瓜5斤','4bc3b269766026ec_-1x-1.jpg',NULL,'19.90','邮乐漳浦馆专柜',NULL,NULL,'banner2-2',NULL,NULL,NULL),(287,'149976801','【包邮】韩国进口爱茉莉Happy bath沐浴露洗浴液花香香气谷物沐浴露500ml','7ae3e7f010714224_-1x-1.jpg',NULL,'35.00','邮乐网韩国正品专柜',NULL,NULL,'banner2-3',NULL,NULL,NULL),(288,'237037001','俄罗斯进口大马哈红鱼子罐头130g 铁罐','0c10ebde26d4833a_-1x-1.jpg',NULL,'37.80','艳鸿俄罗斯商品馆',NULL,NULL,'banner2-3',NULL,NULL,NULL),(289,'304324101','西班牙DO级原瓶进口红酒诺伯勒干红葡萄酒750ml单支','42298f83fe044ed3_-1x-1.jpg',NULL,'35.10','人人酒酒类专营店',NULL,NULL,'banner2-3',NULL,NULL,NULL),(290,'336969501','韩国进口 九日葡萄汁果肉饮料甜味238ml*12听/礼盒装','e7ae4ff9af8a66b5_-1x-1.jpg',NULL,'49.80','邮乐网韩国正品专柜',NULL,NULL,'banner2-3',NULL,NULL,NULL),(291,'353703801','俄罗斯进口 斯拉夫蓝精灵酸奶威化 1000g 包邮','7bca4cfd82b1f717_-1x-1.jpg',NULL,'39.80',NULL,NULL,NULL,'banner2-3',NULL,NULL,NULL),(292,NULL,NULL,'b548e4accd5ec998_-1x-1.jpg',NULL,NULL,NULL,NULL,NULL,NULL,'ad1',NULL,NULL),(293,NULL,NULL,'1cb11f044ef8bcad_-1x-1.jpg',NULL,NULL,NULL,NULL,NULL,NULL,'ad1',NULL,NULL),(294,NULL,NULL,'d0b2402ff21dc07d_-1x-1.jpg',NULL,NULL,NULL,NULL,NULL,NULL,'ad1',NULL,NULL),(295,NULL,NULL,'7ee03249c4fff8b6_-1x-1.jpg',NULL,NULL,NULL,NULL,NULL,NULL,'ad1',NULL,NULL),(296,NULL,NULL,'961f422ebf886364_-1x-1.jpg',NULL,NULL,NULL,NULL,NULL,NULL,'ad1',NULL,NULL),(297,NULL,NULL,'dd4e0f94517824eb_-1x-1.jpg',NULL,NULL,NULL,NULL,NULL,NULL,'ad1',NULL,NULL),(298,NULL,NULL,'406c91acd1c6b9f3_-1x-1.jpg',NULL,NULL,NULL,NULL,NULL,'banner3',NULL,NULL,NULL),(299,NULL,NULL,'4efad0bca734501a_-1x-1.jpg',NULL,NULL,NULL,NULL,NULL,'banner3',NULL,NULL,NULL),(300,NULL,NULL,'3484db9e5268407f_-1x-1.jpg',NULL,NULL,NULL,NULL,NULL,'banner3',NULL,NULL,NULL),(301,NULL,NULL,'9e866077e7318a8e_-1x-1.jpg',NULL,NULL,NULL,NULL,NULL,'banner3',NULL,NULL,NULL),(302,NULL,NULL,'8b77a88704aefad3_-1x-1.jpg',NULL,NULL,NULL,NULL,NULL,'banner3',NULL,NULL,NULL),(303,NULL,NULL,'9598d4c5e80f4548_-1x-1.jpg',NULL,NULL,NULL,NULL,NULL,'banner3',NULL,NULL,NULL),(304,NULL,NULL,'25e8bc4458eabd67_-1x-1.jpg',NULL,NULL,NULL,NULL,NULL,'banner4-1',NULL,NULL,NULL),(305,NULL,NULL,'d86267470b8760cc_-1x-1.jpg',NULL,NULL,NULL,NULL,NULL,'banner4-1',NULL,NULL,NULL),(306,NULL,NULL,'73fc22eb62461895_-1x-1.jpg',NULL,NULL,NULL,NULL,NULL,'banner4-2',NULL,NULL,NULL),(307,NULL,NULL,'ca463c8d59f44b84_-1x-1.jpg',NULL,NULL,NULL,NULL,NULL,'banner4-2',NULL,NULL,NULL),(308,NULL,NULL,'503e3e3ee48c3a1d_-1x-1.jpg',NULL,NULL,NULL,NULL,NULL,'banner4-2',NULL,NULL,NULL),(309,NULL,NULL,'7427586de765311c_-1x-1.jpg',NULL,NULL,NULL,NULL,NULL,'banner4-2',NULL,NULL,NULL),(310,NULL,NULL,'e3f9e4582849c072_-1x-1.jpg',NULL,NULL,NULL,NULL,NULL,'banner4-2',NULL,NULL,NULL),(311,NULL,NULL,'63deeeb4564b6b07_-1x-1.jpg',NULL,NULL,NULL,NULL,NULL,'banner4-2',NULL,NULL,NULL),(312,NULL,NULL,'14eb0544113a4d65_-1x-1.jpg',NULL,NULL,NULL,NULL,NULL,'banner4-2',NULL,NULL,NULL),(313,NULL,NULL,'ca70d8d1e84d8ea6_-1x-1.jpg',NULL,NULL,NULL,NULL,NULL,'banner4-2',NULL,NULL,NULL),(314,NULL,NULL,'9f4b2fbd3d10f6ca_-1x-1.jpg',NULL,NULL,NULL,NULL,NULL,'banner4-2',NULL,NULL,NULL),(315,NULL,NULL,'243718be943fe2b1_-1x-1.jpg',NULL,NULL,NULL,NULL,NULL,'banner4-2',NULL,NULL,NULL),(316,NULL,NULL,'a430dacaf06f9848_-1x-1.jpg',NULL,NULL,NULL,NULL,NULL,'banner4-2',NULL,NULL,NULL),(317,NULL,NULL,'0f8bc9d59733dcae_-1x-1.jpg',NULL,NULL,NULL,NULL,NULL,NULL,'f1ad',NULL,NULL),(318,NULL,NULL,'bf774df295759154_-1x-1.jpg',NULL,NULL,NULL,NULL,NULL,NULL,'f1ad',NULL,NULL),(319,NULL,NULL,'318ac46549abd2e9_-1x-1.jpg',NULL,NULL,NULL,NULL,NULL,NULL,'f2ad',NULL,NULL),(320,NULL,NULL,'4e43b39d5b295d01_-1x-1.jpg',NULL,NULL,NULL,NULL,NULL,NULL,'f2ad',NULL,NULL),(321,NULL,NULL,'42e597196a18f8ac_-1x-1.jpg',NULL,NULL,NULL,NULL,NULL,NULL,'f3ad',NULL,NULL),(322,NULL,NULL,'ffc944f5688c6fdf_-1x-1.jpg',NULL,NULL,NULL,NULL,NULL,NULL,'f3ad',NULL,NULL),(323,NULL,NULL,'f8aa7e792b3d61ea_-1x-1.jpg',NULL,NULL,NULL,NULL,NULL,NULL,'f4ad',NULL,NULL),(324,NULL,NULL,'14c0cb3c60eba39a_-1x-1.jpg',NULL,NULL,NULL,NULL,NULL,NULL,'f4ad',NULL,NULL),(325,NULL,NULL,'777a68e59d4e44f1_-1x-1.jpg',NULL,NULL,NULL,NULL,NULL,NULL,'f5ad',NULL,NULL),(326,NULL,NULL,'40ceb64de4a52bb9_-1x-1.jpg',NULL,NULL,NULL,NULL,NULL,NULL,'f5ad',NULL,NULL),(327,'328320501','健美创研 彩妆组合套（奇幻bb霜50g+润唇膏3.8g）遮瑕亮白润唇膏（柠檬/草莓随机发）3色可选','4d9f878f598e5121_-1x-1.png',NULL,'19.90','溪水昌柳美妆专营店',NULL,NULL,NULL,NULL,NULL,'f5'),(328,'366416401','农家自产 柿饼富平陕西特产非特级柿农家自制吊柿饼富平柿子饼8枚试吃装','90c44feb9803dbcd_-1x-1.jpg',NULL,'19.90','浩辉农副产品专营店专柜',NULL,NULL,'banner2-1',NULL,NULL,NULL),(329,'359568401','干货礼盒（笋干300g 银耳100g 莲子250g 茶树菇150g 竹荪30g 花菇120g）','7557a7e4733a6b3f_-1x-1.jpg',NULL,'132.00','邮乐农品三明馆',NULL,NULL,NULL,NULL,NULL,'f1'),(330,'359877201','【集团自营】念弟野生黑枸杞特产青海柴达木诺木洪免洗黑枸杞子养生茶饮 100g精选大果 礼盒装','b3a16c4cdfb655da_-1x-1.jpg',NULL,'148.00','念弟集团官方旗舰店',NULL,NULL,NULL,NULL,NULL,'f1'),(331,'348765401','春光 春光榴莲糖20个（大约100g） 休闲零食小吃','b2099a044fb4c15c_-1x-1.jpg',NULL,'9.90','正江食品专营店',NULL,NULL,NULL,NULL,NULL,'f1'),(332,'364764201','喜德旺 黑木耳 南北干货 地方特产50g/袋','008075412bd68c51_-1x-1.jpg',NULL,'9.90','喜德旺旗舰店',NULL,NULL,NULL,NULL,NULL,'f1'),(333,'184817601','西麦 中老年营养燕麦片礼盒3桶 净含量1120g 即食免煮','99e297f95f264bf6_-1x-1.jpg',NULL,'78.00','正江食品专营店',NULL,NULL,NULL,NULL,NULL,'f1'),(334,'199540401','萬家宴  压榨葵花籽油 900ml/瓶 食用油','afdb8c7c3e043dac_-1x-1.jpg',NULL,'15.90','萬家宴粮油旗舰店',NULL,NULL,NULL,NULL,NULL,'f1'),(335,'367597401','【12月新货】蒙牛纯甄风味酸牛奶200g*12盒整箱原味酸奶  礼盒装','5a997ad9435f88c3_-1x-1.jpg',NULL,'53.90','武汉邮乐馆专柜',NULL,NULL,NULL,NULL,NULL,'f1'),(336,'253165201','炊大皇/COOKER KING 班戟煎盘 千层平底不粘煎锅 电磁炉通用28cm','ef457faec502abba_-1x-1.jpg',NULL,'49.90','炊大皇德今专卖店',NULL,NULL,NULL,NULL,NULL,'f2'),(337,'236742501','洁柔（C&S） face系列天然无香3层28抽抽取式纸面巾10包/提 柔韧细滑','ed9b4fd7bcb19abe_-1x-1.jpg',NULL,'21.80','喜尔乐家居用品专营店',NULL,NULL,NULL,NULL,NULL,'f2'),(338,'355621604','新款长毛绒室内居家秋冬季木地板防滑保暖静音EVA月子棉拖鞋 情侣拖鞋','4388a00bfd3f3fa4_-1x-1.jpg',NULL,'5.90','羽妃韵兆美专营店',NULL,NULL,NULL,NULL,NULL,'f2'),(339,'308876901','洁乐高净白护理洗衣液2公斤','549677c41dc8d4b8_-1x-1.jpg',NULL,'19.90','磐鑫日化专营店',NULL,NULL,NULL,NULL,NULL,'f2'),(340,'230587101','(2019促销包邮)4双装DISNEY男童卡通袜(Mickey/蜘蛛侠/CARS/变形金刚) 宝宝袜','33dc3814629bc300_-1x-1.jpg',NULL,'29.90','迪士尼锦巢专卖店',NULL,NULL,NULL,NULL,NULL,'f2'),(341,'163023501','郁美净金牌儿童霜40g宝宝霜保湿滋润补水润肤乳保湿霜面霜','9e9d6caebada6fe4_-1x-1.jpg',NULL,'18.90','容行美妆专营店 ',NULL,NULL,NULL,NULL,NULL,'f2'),(342,'163135001','郁美净金牌儿童嫩肤露100g宝宝润肤乳滋润补水保湿润肤露儿童面霜','d44a6cb5dd0d7d8e_-1x-1.jpg',NULL,'19.90','容行美妆专营店',NULL,NULL,NULL,NULL,NULL,'f2'),(343,'358505801','宝宝睡前故事书6册 0-2岁婴幼儿绘本3-6儿童图书 5分钟亲子童话 彩图注音读物早教书','286cee479bae66c5_-1x-1.jpg',NULL,'23.80','优漫图书专柜',NULL,NULL,NULL,NULL,NULL,'f2'),(344,'367192003','充电式暖手宝 暖宫  迷你纯色简约保暖电热饼【1月7日10点开抢】','6b93c4d7d834b8f3_-1x-1.jpg',NULL,'29.90','九味家居用品专营店',NULL,NULL,NULL,NULL,NULL,'f3'),(345,'354533701','华为 荣耀Play 6GB+128GB 全网通（极光蓝）','c8f8ff694890a34e_-1x-1.jpg',NULL,'2088.00','盛世怡达手机专营店',NULL,NULL,NULL,NULL,NULL,'f3'),(346,'355178901','VIVO NEX 零界全面屏AI双摄 游戏手机 6GB+128GB 全网通（宝石红）','ceb9d3743ba1560a_-1x-1.jpg',NULL,'3689.00','盛世怡达手机专营店',NULL,NULL,NULL,NULL,NULL,'f3'),(347,'364570501','苹果/APPLE iPhone XR (A2108) 64GB 移动联通电信4G手机（蓝色）','3c88a69bea11c62d_-1x-1.jpg',NULL,'6399.00','盛世怡达手机专营店',NULL,NULL,NULL,NULL,NULL,'f3'),(348,'362414801','DYSON 戴森吸尘器V6 ANIMAL+ 手持无绳吸尘器家用除螨无线','f69b6226d4c27860_-1x-1.jpg',NULL,'1999.00','奥派国际品牌购物广场',NULL,NULL,NULL,NULL,NULL,'f3'),(349,'367557401','水星 电热毯60W 加宽单人电褥子1500mm*800mm  防水 防漏电 816','4fa1d6964912c839_-1x-1.jpg',NULL,'44.90','邮乐新乡馆',NULL,NULL,NULL,NULL,NULL,'f3'),(350,'325413501','【爱壹家】 HOME AMOR 足浴盆 养参堂系列  自动电加热 洗脚盆 足浴器 泡脚桶19','c3306fbd842aaa4c_-1x-1.jpg',NULL,'99.00','三业电脑数码专柜',NULL,NULL,NULL,NULL,NULL,'f3'),(351,'367421601','华为/HUAWEI 荣耀原装自拍杆Lite版 自拍照神器手机自拍杆颜色随机','bfaac489bc59369c_-1x-1.jpg',NULL,'35.00','北京信酷数码商城专柜',NULL,NULL,NULL,NULL,NULL,'f3'),(352,'360505201','梦娜世家 秋冬新款轻薄羽绒服女中长款保暖韩版修身外套X2116','a679f834103b0ff5_-1x-1.png',NULL,'68.00','梦娜世家服饰旗舰店',NULL,NULL,NULL,NULL,NULL,'f4'),(353,'366255701','中年男士皮衣秋冬加绒加厚pu皮夹克中老年皮毛一体爸爸装','f12494b77b4aeb34_-1x-1.png',NULL,'89.00','名品鞋服专柜',NULL,NULL,NULL,NULL,NULL,'f4'),(354,'362233101','瀚瑞 男士菱格鸡心领毛衣商务男装长袖套头针织衫秋冬打底衫WYM7-1 5801','35d259b741b290ca_-1x-1.png',NULL,'79.00','HANRIS瀚瑞服饰旗舰店',NULL,NULL,NULL,NULL,NULL,'f4'),(355,'366882906','买一送一 打底裤女外穿2018秋冬加绒加厚新款小脚裤女紧身显瘦高腰长休闲裤TX','78848a1961def8f5_-1x-1.png',NULL,'49.90','诗依米禄女装旗舰店',NULL,NULL,NULL,NULL,NULL,'f4'),(356,'367002101','本命年新款围巾秋冬天仿羊绒小菠萝加厚保暖羊绒披肩','36968063440bab51_-1x-1.png',NULL,'22.90','名品鞋服专柜',NULL,NULL,NULL,NULL,NULL,'f4'),(357,'365834201','黄圣依推荐妖精可可连脚光腿透透袜2.0 加绒加厚连裤保暖双层丝袜假透肉神器RH','548b7b2e38c96782_-1x-1.png',NULL,'29.90','康吉鸟内衣专柜',NULL,NULL,NULL,NULL,NULL,'f4'),(358,'365774401','（4条短裤盒装+2双小人红袜子）男士内裤大红色本命年女士中腰内裤2','7e29838b9c6b57f1_-1x-1.png',NULL,'19.90','名品鞋服专柜',NULL,NULL,NULL,NULL,NULL,'f4'),(359,'367152101','冬季雪地靴女2018厚底短筒靴子平底防滑棉鞋加厚保暖棉靴毛毛鞋女','7ac2d2916d454418_-1x-1.png',NULL,'29.90','狄克特休闲运动专柜',NULL,NULL,NULL,NULL,NULL,'f4'),(360,'364556501','【三明邮政专柜】一点石魔芋素毛肚500g全国包邮','9447ea1b91bcac07_-1x-1.jpg',NULL,'27.80','三明邮政专柜',NULL,NULL,NULL,NULL,NULL,'f1'),(361,'356701301','韩纪  玻尿酸吸黑面膜10*30ml','cfac6395484580e7_-1x-1.png',NULL,'19.90','21优选旗舰店',NULL,NULL,NULL,NULL,NULL,'f5'),(362,'304304001','馥佩护手霜滋润保湿补水防冻裂手部护理4支装 香型随机','abc34ad38330bb85_-1x-1.png',NULL,'11.90','正江洗护专营店',NULL,NULL,NULL,NULL,NULL,'f5'),(363,'365752801','高露洁 草本牙膏90克+美白防蛀牙膏90克 高露洁牙膏草本美白防蛀三重功效清新口气固齿成人','4b9eb48a7e34edf8_-1x-1.png',NULL,'8.90','邮乐新乡馆',NULL,NULL,NULL,NULL,NULL,'f5'),(364,'313068901','健美创研（MayCreate）滋润保湿润唇膏3.8g 湿滋润 修复唇纹','aba3e54254c7673c_-1x-1.png',NULL,'9.90','溪水昌柳美妆专营店',NULL,NULL,NULL,NULL,NULL,'f5'),(365,'364602801','三笑 牙刷233中毛10支装*2挂 牙刷挂刷家庭装','11be2422a83e5119_-1x-1.png',NULL,'14.50','邮乐新乡馆',NULL,NULL,NULL,NULL,NULL,'f5'),(366,'360872001','隆力奇 黑芝麻洗发水400ml+蛇胆牛奶沐浴露（AJ版）200ml 洗发露洗发水沐浴用品','d6f96c0490e4ee0a_-1x-1.png',NULL,'26.60','邮乐新乡馆',NULL,NULL,NULL,NULL,NULL,'f5'),(367,'334543001','隆力奇 50g护手霜3只装 蛇油护手霜','c3a48605a456dbac_-1x-1.png',NULL,'9.90','正江洗护专营店',NULL,NULL,NULL,NULL,NULL,'f5'),(368,'3681409','【拍下13.8元】现挖马蹄 一级果 大个新鲜 清脆甘甜5斤 信丰荸荠| 赣州特产','http://pic2.ulecdn.com/pic/user_800109909/product/prd20190115/4100b3eb8841d85b_p800x800.jpg','江西省','19.80','老俵情专柜','9055','29.90',NULL,NULL,NULL,NULL),(369,'3681079','黔南罗甸【血橙】5斤 果园现摘现发 口感细腻 果肉清甜化渣 贵州省内包邮','http://pic3.ulecdn.com/pic/user_800114286/product/prd20190103/b7204da7ac350088_p720x720.jpg','贵州省','39.80','黔邮乡情邮乐馆','14519','0.00',NULL,NULL,NULL,NULL),(370,'3607581','【团购】红心木瓜5斤包邮（前100名下单，多送3斤） 冰糖木瓜 水果木瓜 现摘新鲜水果【当季鲜果】','http://pic0.ulecdn.com/pic/user_800134642/product/prd20190104/ca697d146844efb9_p790x790.jpg','云南省','22.80','当季鲜果','29125','28.00',NULL,NULL,NULL,NULL),(371,'3359911','黔南罗甸【血橙】10斤 果园现摘现发 口感细腻 果肉清甜化渣 贵州省内包邮','http://pic0.ulecdn.com/pic/user_800114286/product/prd20190103/e73b6732479841df_p720x720.jpg','贵州省','68.80','黔邮乡情邮乐馆','14519','0.00',NULL,NULL,NULL,NULL),(372,'3330777','黔南荔波【拉岜椪柑】5斤 新鲜采摘 个大 酸甜可口  水份充足 限贵州省内购买包邮','http://pic4.ulecdn.com/pic/user_800114286/product/prd20180110/12a0dc2e8b4de9b9_p720x720.jpg','贵州省','18.80','黔邮乡情邮乐馆','14519','0.00',NULL,NULL,NULL,NULL);
/*!40000 ALTER TABLE `list` ENABLE KEYS */;

#
# Structure for table "particulars"
#

DROP TABLE IF EXISTS `particulars`;
CREATE TABLE `particulars` (
  `Id` int(11) NOT NULL AUTO_INCREMENT,
  `img` varchar(255) DEFAULT NULL,
  PRIMARY KEY (`Id`)
) ENGINE=MyISAM AUTO_INCREMENT=12 DEFAULT CHARSET=utf8 ROW_FORMAT=DYNAMIC;

#
# Data for table "particulars"
#

/*!40000 ALTER TABLE `particulars` DISABLE KEYS */;
INSERT INTO `particulars` VALUES (1,'a1.jpg'),(2,'a2.jpg'),(3,'a3.jpg'),(4,'a4.jpg'),(5,'a5.jpg'),(6,'a6.jpg'),(7,'a7.jpg'),(8,'a8.jpg'),(9,'a9.jpg'),(10,'a10.jpg'),(11,'a11.jpg');
/*!40000 ALTER TABLE `particulars` ENABLE KEYS */;

#
# Structure for table "review"
#

DROP TABLE IF EXISTS `review`;
CREATE TABLE `review` (
  `Id` int(11) NOT NULL AUTO_INCREMENT,
  `user` varchar(255) DEFAULT NULL,
  `attribute` varchar(255) DEFAULT NULL,
  `reviewDay` varchar(255) DEFAULT NULL,
  `reviewContent` varchar(255) DEFAULT NULL,
  `prdId` varchar(255) DEFAULT NULL,
  PRIMARY KEY (`Id`)
) ENGINE=MyISAM AUTO_INCREMENT=381 DEFAULT CHARSET=utf8 ROW_FORMAT=FIXED;

#
# Data for table "review"
#

/*!40000 ALTER TABLE `review` DISABLE KEYS */;
INSERT INTO `review` VALUES (1,'1***9','规格: 脐橙试吃4个装','2018-12-19','味道还行，不过没我想象中那么美味 服务很好！','7'),(2,'1***3','规格: 脐橙试吃4个装','2018-12-19','味道还行，不过没我想象中那么美味 服务很好！','66'),(3,'1***2','规格: 脐橙试吃4个装','2018-12-19','东西很不错，味道很棒，送货也很快','7'),(4,'1***1','规格: 脐橙试吃4个装','2018-12-19','东西很不错，味道很棒，送货也很快','13'),(5,'1***9','规格: 脐橙试吃4个装','2018-12-19','东西很不错，味道很棒，送货也很快','12'),(6,'1***8','规格: 脐橙试吃4个装','2018-12-19','包装不错 刚到还没有尝 卖家服务态度很好','31'),(7,'1***1','规格: 脐橙试吃4个装','2018-12-19','东西很不错，味道很棒，送货也很快','10'),(8,'1***5','规格: 脐橙试吃4个装','2018-12-19','东西很不错，味道很棒，送货也很快','93'),(9,'1***2','规格: 脐橙试吃4个装','2018-12-19','包装不错 刚到还没有尝 卖家服务态度很好','39'),(10,'1***6','规格: 脐橙试吃4个装','2018-12-19','包装不错 刚到还没有尝 卖家服务态度很好','7'),(11,'1***3','规格: 脐橙试吃4个装','2018-12-19','味道还行，不过没我想象中那么美味 服务很好！','97'),(12,'1***7','规格: 脐橙试吃4个装','2018-12-19','东西很不错，味道很棒，送货也很快','27'),(13,'彩***虹','规格: 脐橙试吃4个装','2018-12-19','包装不错 刚到还没有尝 卖家服务态度很好','72'),(14,'u***0','规格: 脐橙试吃4个装','2018-12-19','东西很不错，味道很棒，送货也很快','77'),(15,'1***6','规格: 脐橙试吃4个装','2018-12-19','味道还行，不过没我想象中那么美味 服务很好！','25'),(16,'1***6','规格: 脐橙试吃4个装','2018-12-19','味道还行，不过没我想象中那么美味 服务很好！','87'),(17,'1***1','规格: 脐橙试吃4个装','2018-12-19','东西很不错，味道很棒，送货也很快','77'),(18,'1***8','规格: 脐橙试吃4个装','2018-12-19','东西很不错，味道很棒，送货也很快','75'),(19,'1***3','规格: 脐橙试吃4个装','2018-12-19','味道还行，不过没我想象中那么美味 服务很好！','32'),(20,'1***8','规格: 脐橙试吃4个装','2018-12-19','包装不错 刚到还没有尝 卖家服务态度很好','12'),(21,'1***4','规格: 脐橙试吃4个装','2018-12-19','东西很不错，味道很棒，送货也很快','65'),(22,'1***6','规格: 脐橙试吃4个装','2018-12-19','包装不错 刚到还没有尝 卖家服务态度很好','90'),(23,'1***9','规格: 脐橙试吃4个装','2018-12-19','包装不错 刚到还没有尝 卖家服务态度很好','38'),(24,'1***2','规格: 脐橙试吃4个装','2018-12-19','包装不错 刚到还没有尝 卖家服务态度很好','62'),(25,'u***4','规格: 脐橙试吃4个装','2018-12-19','东西很不错，味道很棒，送货也很快','25'),(26,'1***9','规格: 脐橙试吃4个装','2018-12-19','包装不错 刚到还没有尝 卖家服务态度很好','48'),(27,'a***0','规格: 脐橙试吃4个装','2018-12-19','东西很不错，味道很棒，送货也很快','5'),(28,'1***1','规格: 脐橙试吃4个装','2018-12-19','东西很不错，味道很棒，送货也很快','72'),(29,'1***0','规格: 脐橙试吃4个装','2018-12-19','东西很不错，味道很棒，送货也很快','12'),(30,'1***0','规格: 脐橙试吃4个装','2018-12-19','东西很不错，味道很棒，送货也很快','21'),(31,'王***东','规格: 脐橙试吃4个装','2018-12-19','味道还行，不过没我想象中那么美味 服务很好！','3'),(32,'u***4','规格: 脐橙试吃4个装','2018-12-19','味道还行，不过没我想象中那么美味 服务很好！','9'),(33,'1***5','规格: 脐橙试吃4个装','2018-12-19','东西很不错，味道很棒，送货也很快','9'),(34,'颖***颖','规格: 脐橙试吃4个装','2018-12-19','包装不错 刚到还没有尝 卖家服务态度很好','76'),(35,'1***9','规格: 脐橙试吃4个装','2018-12-19','东西很不错，味道很棒，送货也很快','18'),(36,'陈***婷','规格: 脐橙试吃4个装','2018-12-19','味道还行，不过没我想象中那么美味 服务很好！','76'),(37,'1***6','规格: 脐橙试吃4个装','2018-12-19','包装不错 刚到还没有尝 卖家服务态度很好','39'),(38,'1***9','规格: 脐橙试吃4个装','2018-12-19','东西很不错，味道很棒，送货也很快','55'),(39,'1***4','规格: 脐橙试吃4个装','2018-12-19','包装不错 刚到还没有尝 卖家服务态度很好','65'),(40,'1***6','规格: 脐橙试吃4个装','2018-12-19','东西很不错，味道很棒，送货也很快','39'),(41,'1***3','规格: 脐橙试吃4个装','2018-12-19','东西很不错，味道很棒，送货也很快','80'),(42,'1***1','规格: 脐橙试吃4个装','2018-12-19','包装不错 刚到还没有尝 卖家服务态度很好','49'),(43,'1***6','规格: 脐橙试吃4个装','2018-12-19','包装不错 刚到还没有尝 卖家服务态度很好','21'),(44,'1***4','规格: 脐橙试吃4个装','2018-12-19','东西很不错，味道很棒，送货也很快','39'),(45,'杨***廷','规格: 脐橙试吃4个装','2018-12-19','味道还行，不过没我想象中那么美味 服务很好！','16'),(46,'u***2','规格: 脐橙试吃4个装','2018-12-19','东西很不错，味道很棒，送货也很快','96'),(47,'宇***辰','规格: 脐橙试吃4个装','2018-12-19','味道还行，不过没我想象中那么美味 服务很好！','41'),(48,'1***4','规格: 脐橙试吃4个装','2018-12-19','包装不错 刚到还没有尝 卖家服务态度很好','33'),(49,'u***1','规格: 脐橙试吃4个装','2018-12-19','味道还行，不过没我想象中那么美味 服务很好！','87'),(50,'u***8','规格: 脐橙试吃4个装','2018-12-19','包装不错 刚到还没有尝 卖家服务态度很好','14'),(51,'1***9','规格: 脐橙试吃4个装','2018-12-19','包装不错 刚到还没有尝 卖家服务态度很好','41'),(52,'秦***瑶','规格: 脐橙试吃4个装','2018-12-19','包装不错 刚到还没有尝 卖家服务态度很好','72'),(53,'1***0','规格: 脐橙试吃4个装','2018-12-19','味道还行，不过没我想象中那么美味 服务很好！','81'),(54,'1***2','规格: 脐橙试吃4个装','2018-12-19','味道还行，不过没我想象中那么美味 服务很好！','56'),(55,'u***1','规格: 脐橙试吃4个装','2018-12-19','东西很不错，味道很棒，送货也很快','65'),(56,'安***泽','规格: 脐橙试吃4个装','2018-12-19','包装不错 刚到还没有尝 卖家服务态度很好','38'),(57,'1***7','规格: 脐橙试吃4个装','2018-12-19','味道还行，不过没我想象中那么美味 服务很好！','10'),(58,'1***3','规格: 脐橙试吃4个装','2018-12-19','包装不错 刚到还没有尝 卖家服务态度很好','13'),(59,'R***r','规格: 脐橙试吃4个装','2018-12-19','东西很不错，味道很棒，送货也很快','31'),(60,'u***4','规格: 脐橙试吃4个装','2018-12-19','味道还行，不过没我想象中那么美味 服务很好！','54'),(61,'1***0','规格: 脐橙试吃4个装','2018-12-19','包装不错 刚到还没有尝 卖家服务态度很好','86'),(62,'顾***佩','规格: 脐橙试吃4个装','2018-12-19','包装不错 刚到还没有尝 卖家服务态度很好','55'),(63,'1***4','规格: 脐橙试吃4个装','2018-12-19','包装不错 刚到还没有尝 卖家服务态度很好','86'),(64,'u***7','规格: 脐橙试吃4个装','2018-12-19','包装不错 刚到还没有尝 卖家服务态度很好','36'),(65,'1***6','规格: 脐橙试吃4个装','2018-12-19','味道还行，不过没我想象中那么美味 服务很好！','82'),(66,'1***2','规格: 脐橙试吃4个装','2018-12-19','东西很不错，味道很棒，送货也很快','82'),(67,'1***3','规格: 脐橙试吃4个装','2018-12-19','东西很不错，味道很棒，送货也很快','40'),(68,'1***5','规格: 脐橙试吃4个装','2018-12-19','东西很不错，味道很棒，送货也很快','9'),(69,'1***4','规格: 脐橙试吃4个装','2018-12-19','东西很不错，味道很棒，送货也很快','65'),(70,'1***0','规格: 脐橙试吃4个装','2018-12-19','包装不错 刚到还没有尝 卖家服务态度很好','23'),(71,'u***9','规格: 脐橙试吃4个装','2018-12-19','味道还行，不过没我想象中那么美味 服务很好！','74'),(72,'1***0','规格: 脐橙试吃4个装','2018-12-19','包装不错 刚到还没有尝 卖家服务态度很好','47'),(73,'1***3','规格: 脐橙试吃4个装','2018-12-19','包装不错 刚到还没有尝 卖家服务态度很好','37'),(74,'u***1','规格: 脐橙试吃4个装','2018-12-19','东西很不错，味道很棒，送货也很快','82'),(75,'1***5','规格: 脐橙试吃4个装','2018-12-19','东西很不错，味道很棒，送货也很快','92'),(76,'1***8','规格: 脐橙试吃4个装','2018-12-19','包装不错 刚到还没有尝 卖家服务态度很好','76'),(77,'u***3','规格: 脐橙试吃4个装','2018-12-19','味道还行，不过没我想象中那么美味 服务很好！','11'),(78,'1***1','规格: 脐橙试吃4个装','2018-12-19','东西很不错，味道很棒，送货也很快','94'),(79,'1***8','规格: 脐橙试吃4个装','2018-12-19','包装不错 刚到还没有尝 卖家服务态度很好','4'),(80,'绿***环','规格: 脐橙试吃4个装','2018-12-19','包装不错 刚到还没有尝 卖家服务态度很好','14'),(81,'1***6','规格: 脐橙试吃4个装','2018-12-19','包装不错 刚到还没有尝 卖家服务态度很好','30'),(82,'1***1','规格: 脐橙试吃4个装','2018-12-19','味道还行，不过没我想象中那么美味 服务很好！','75'),(83,'u***8','规格: 脐橙试吃4个装','2018-12-19','东西很不错，味道很棒，送货也很快','95'),(84,'1***2','规格: 脐橙试吃4个装','2018-12-19','包装不错 刚到还没有尝 卖家服务态度很好','41'),(85,'1***8','规格: 脐橙试吃4个装','2018-12-19','味道还行，不过没我想象中那么美味 服务很好！','17'),(86,'1***2','规格: 脐橙试吃4个装','2018-12-19','包装不错 刚到还没有尝 卖家服务态度很好','19'),(87,'1***9','规格: 脐橙试吃4个装','2018-12-19','包装不错 刚到还没有尝 卖家服务态度很好','99'),(88,'1***8','规格: 脐橙试吃4个装','2018-12-19','包装不错 刚到还没有尝 卖家服务态度很好','13'),(89,'1***6','规格: 脐橙试吃4个装','2018-12-19','味道还行，不过没我想象中那么美味 服务很好！','7'),(90,'1***0','规格: 脐橙试吃4个装','2018-12-19','味道还行，不过没我想象中那么美味 服务很好！','26'),(91,'1***0','规格: 脐橙试吃4个装','2018-12-19','味道还行，不过没我想象中那么美味 服务很好！','31'),(92,'1***0','规格: 脐橙试吃4个装','2018-12-19','东西很不错，味道很棒，送货也很快','9'),(93,'1***0','规格: 脐橙试吃4个装','2018-12-19','味道还行，不过没我想象中那么美味 服务很好！','1'),(94,'1***6','规格: 脐橙试吃4个装','2018-12-19','东西很不错，味道很棒，送货也很快','36'),(95,'1***2','规格: 脐橙试吃4个装','2018-12-19','东西很不错，味道很棒，送货也很快','35'),(96,'1***6','规格: 脐橙试吃4个装','2018-12-19','东西很不错，味道很棒，送货也很快','87'),(97,'1***9','规格: 脐橙试吃4个装','2018-12-19','包装不错 刚到还没有尝 卖家服务态度很好','7'),(98,'1***6','规格: 脐橙试吃4个装','2018-12-19','包装不错 刚到还没有尝 卖家服务态度很好','27'),(99,'u***3','规格: 脐橙试吃4个装','2018-12-19','味道还行，不过没我想象中那么美味 服务很好！','30'),(100,'1***9','规格: 脐橙试吃4个装','2018-12-19','味道还行，不过没我想象中那么美味 服务很好！','3'),(101,'1***7','规格: 脐橙试吃4个装','2018-12-19','味道还行，不过没我想象中那么美味 服务很好！','60'),(102,'1***1','规格: 脐橙试吃4个装','2018-12-19','味道还行，不过没我想象中那么美味 服务很好！','58'),(103,'1***6','规格: 脐橙试吃4个装','2018-12-19','东西很不错，味道很棒，送货也很快','61'),(104,'1***6','规格: 脐橙试吃4个装','2018-12-19','东西很不错，味道很棒，送货也很快','66'),(105,'1***0','规格: 脐橙试吃4个装','2018-12-19','东西很不错，味道很棒，送货也很快','74'),(106,'1***0','规格: 脐橙试吃4个装','2018-12-19','味道还行，不过没我想象中那么美味 服务很好！','7'),(107,'1***9','规格: 脐橙试吃4个装','2018-12-19','味道还行，不过没我想象中那么美味 服务很好！','51'),(108,'1***7','规格: 脐橙试吃4个装','2018-12-19','包装不错 刚到还没有尝 卖家服务态度很好','9'),(109,'1***4','规格: 脐橙试吃4个装','2018-12-19','包装不错 刚到还没有尝 卖家服务态度很好','71'),(110,'1***2','规格: 脐橙试吃4个装','2018-12-19','包装不错 刚到还没有尝 卖家服务态度很好','79'),(111,'1***3','规格: 脐橙试吃4个装','2018-12-19','味道还行，不过没我想象中那么美味 服务很好！','10'),(112,'1***6','规格: 脐橙试吃4个装','2018-12-19','味道还行，不过没我想象中那么美味 服务很好！','4'),(113,'1***0','规格: 脐橙试吃4个装','2018-12-19','包装不错 刚到还没有尝 卖家服务态度很好','49'),(114,'孙***静','规格: 脐橙试吃4个装','2018-12-19','包装不错 刚到还没有尝 卖家服务态度很好','45'),(115,'u***0','规格: 脐橙试吃4个装','2018-12-19','味道还行，不过没我想象中那么美味 服务很好！','66'),(116,'1***8','规格: 脐橙试吃4个装','2018-12-19','东西很不错，味道很棒，送货也很快','13'),(117,'u***5','规格: 脐橙试吃4个装','2018-12-19','东西很不错，味道很棒，送货也很快','82'),(118,'1***3','规格: 脐橙试吃4个装','2018-12-19','东西很不错，味道很棒，送货也很快','19'),(119,'王***军','规格: 脐橙试吃4个装','2018-12-19','东西很不错，味道很棒，送货也很快','22'),(120,'1***6','规格: 脐橙试吃4个装','2018-12-19','包装不错 刚到还没有尝 卖家服务态度很好','80'),(121,'1***0','规格: 脐橙试吃4个装','2018-12-19','包装不错 刚到还没有尝 卖家服务态度很好','86'),(122,'u***9','规格: 脐橙试吃4个装','2018-12-19','东西很不错，味道很棒，送货也很快','100'),(123,'1***8','规格: 脐橙试吃4个装','2018-12-19','味道还行，不过没我想象中那么美味 服务很好！','22'),(124,'1***0','规格: 脐橙试吃4个装','2018-12-19','东西很不错，味道很棒，送货也很快','27'),(125,'1***0','规格: 脐橙试吃4个装','2018-12-19','味道还行，不过没我想象中那么美味 服务很好！','76'),(126,'1***7','规格: 脐橙试吃4个装','2018-12-19','东西很不错，味道很棒，送货也很快','93'),(127,'1***7','规格: 脐橙试吃4个装','2018-12-19','东西很不错，味道很棒，送货也很快','76'),(128,'1***2','规格: 脐橙试吃4个装','2018-12-19','味道还行，不过没我想象中那么美味 服务很好！','3'),(129,'1***9','规格: 脐橙试吃4个装','2018-12-19','东西很不错，味道很棒，送货也很快','89'),(130,'1***3','规格: 脐橙试吃4个装','2018-12-19','包装不错 刚到还没有尝 卖家服务态度很好','50'),(131,'1***3','规格: 脐橙试吃4个装','2018-12-19','东西很不错，味道很棒，送货也很快','81'),(132,'1***9','规格: 脐橙试吃4个装','2018-12-19','东西很不错，味道很棒，送货也很快','28'),(133,'1***8','规格: 脐橙试吃4个装','2018-12-19','东西很不错，味道很棒，送货也很快','64'),(134,'u***5','规格: 脐橙试吃4个装','2018-12-19','包装不错 刚到还没有尝 卖家服务态度很好','48'),(135,'1***8','规格: 脐橙试吃4个装','2018-12-19','味道还行，不过没我想象中那么美味 服务很好！','1'),(136,'1***8','规格: 脐橙试吃4个装','2018-12-19','包装不错 刚到还没有尝 卖家服务态度很好','79'),(137,'1***5','规格: 脐橙试吃4个装','2018-12-19','味道还行，不过没我想象中那么美味 服务很好！','30'),(138,'陈***智','规格: 脐橙试吃4个装','2018-12-19','味道还行，不过没我想象中那么美味 服务很好！','35'),(139,'1***8','规格: 脐橙试吃4个装','2018-12-19','包装不错 刚到还没有尝 卖家服务态度很好','11'),(140,'1***3','规格: 脐橙试吃4个装','2018-12-19','东西很不错，味道很棒，送货也很快','14'),(141,'1***9','规格: 脐橙试吃4个装','2018-12-19','味道还行，不过没我想象中那么美味 服务很好！','54'),(142,'1***9','规格: 脐橙试吃4个装','2018-12-19','包装不错 刚到还没有尝 卖家服务态度很好','90'),(143,'1***3','规格: 脐橙试吃4个装','2018-12-19','东西很不错，味道很棒，送货也很快','66'),(144,'1***6','规格: 脐橙试吃4个装','2018-12-19','味道还行，不过没我想象中那么美味 服务很好！','94'),(145,'1***6','规格: 脐橙试吃4个装','2018-12-19','包装不错 刚到还没有尝 卖家服务态度很好','3'),(146,'1***1','规格: 脐橙试吃4个装','2018-12-19','味道还行，不过没我想象中那么美味 服务很好！','52'),(147,'1***5','规格: 脐橙试吃4个装','2018-12-19','东西很不错，味道很棒，送货也很快','18'),(148,'1***9','规格: 脐橙试吃4个装','2018-12-19','包装不错 刚到还没有尝 卖家服务态度很好','4'),(149,'1***4','规格: 脐橙试吃4个装','2018-12-19','东西很不错，味道很棒，送货也很快','11'),(150,'1***8','规格: 脐橙试吃4个装','2018-12-19','包装不错 刚到还没有尝 卖家服务态度很好','82'),(151,'平***奥','规格: 脐橙试吃4个装','2018-12-19','包装不错 刚到还没有尝 卖家服务态度很好','44'),(152,'1***0','规格: 脐橙试吃4个装','2018-12-19','味道还行，不过没我想象中那么美味 服务很好！','65'),(153,'1***6','规格: 脐橙试吃4个装','2018-12-19','包装不错 刚到还没有尝 卖家服务态度很好','17'),(154,'1***9','规格: 脐橙试吃4个装','2018-12-19','味道还行，不过没我想象中那么美味 服务很好！','27'),(155,'追***好','规格: 脐橙试吃4个装','2018-12-19','味道还行，不过没我想象中那么美味 服务很好！','18'),(156,'1***9','规格: 脐橙试吃4个装','2018-12-19','东西很不错，味道很棒，送货也很快','38'),(157,'1***5','规格: 脐橙试吃4个装','2018-12-19','味道还行，不过没我想象中那么美味 服务很好！','25'),(158,'鄢***娅','规格: 脐橙试吃4个装','2018-12-19','包装不错 刚到还没有尝 卖家服务态度很好','86'),(159,'1***3','规格: 脐橙试吃4个装','2018-12-19','东西很不错，味道很棒，送货也很快','2'),(160,'1***0','规格: 脐橙试吃4个装','2018-12-19','味道还行，不过没我想象中那么美味 服务很好！','92'),(161,'1***6','规格: 脐橙试吃4个装','2018-12-19','东西很不错，味道很棒，送货也很快','19'),(162,'1***0','规格: 脐橙试吃4个装','2018-12-19','味道还行，不过没我想象中那么美味 服务很好！','42'),(163,'1***9','规格: 脐橙试吃4个装','2018-12-19','包装不错 刚到还没有尝 卖家服务态度很好','85'),(164,'1***7','规格: 脐橙试吃4个装','2018-12-19','包装不错 刚到还没有尝 卖家服务态度很好','85'),(165,'1***6','规格: 脐橙试吃4个装','2018-12-19','东西很不错，味道很棒，送货也很快','44'),(166,'1***6','规格: 脐橙试吃4个装','2018-12-19','东西很不错，味道很棒，送货也很快','4'),(167,'张***华','规格: 脐橙试吃4个装','2018-12-19','东西很不错，味道很棒，送货也很快','3'),(168,'平***奥','规格: 脐橙试吃4个装','2018-12-19','东西很不错，味道很棒，送货也很快','39'),(169,'1***3','规格: 脐橙试吃4个装','2018-12-19','包装不错 刚到还没有尝 卖家服务态度很好','46'),(170,'1***8','规格: 脐橙试吃4个装','2018-12-19','包装不错 刚到还没有尝 卖家服务态度很好','84'),(171,'韩***平','规格: 脐橙试吃4个装','2018-12-19','东西很不错，味道很棒，送货也很快','13'),(172,'1***6','规格: 脐橙试吃4个装','2018-12-19','包装不错 刚到还没有尝 卖家服务态度很好','16'),(173,'1***2','规格: 脐橙试吃4个装','2018-12-19','包装不错 刚到还没有尝 卖家服务态度很好','8'),(174,'u***5','规格: 脐橙试吃4个装','2018-12-19','味道还行，不过没我想象中那么美味 服务很好！','4'),(175,'1***5','规格: 脐橙试吃4个装','2018-12-19','味道还行，不过没我想象中那么美味 服务很好！','52'),(176,'1***1','规格: 脐橙试吃4个装','2018-12-19','东西很不错，味道很棒，送货也很快','8'),(177,'1***0','规格: 脐橙试吃4个装','2018-12-19','包装不错 刚到还没有尝 卖家服务态度很好','30'),(178,'1***7','规格: 脐橙试吃4个装','2018-12-19','东西很不错，味道很棒，送货也很快','54'),(179,'1***6','规格: 脐橙试吃4个装','2018-12-19','包装不错 刚到还没有尝 卖家服务态度很好','1'),(180,'1***2','规格: 脐橙试吃4个装','2018-12-19','东西很不错，味道很棒，送货也很快','60'),(181,'1***6','规格: 脐橙试吃4个装','2018-12-19','包装不错 刚到还没有尝 卖家服务态度很好','4'),(182,'1***2','规格: 脐橙试吃4个装','2018-12-19','包装不错 刚到还没有尝 卖家服务态度很好','21'),(183,'1***3','规格: 脐橙试吃4个装','2018-12-19','包装不错 刚到还没有尝 卖家服务态度很好','69'),(184,'1***8','规格: 脐橙试吃4个装','2018-12-19','味道还行，不过没我想象中那么美味 服务很好！','22'),(185,'1***2','规格: 脐橙试吃4个装','2018-12-19','包装不错 刚到还没有尝 卖家服务态度很好','77'),(186,'1***2','规格: 脐橙试吃4个装','2018-12-19','包装不错 刚到还没有尝 卖家服务态度很好','2'),(187,'1***0','规格: 脐橙试吃4个装','2018-12-19','味道还行，不过没我想象中那么美味 服务很好！','11'),(188,'1***0','规格: 脐橙试吃4个装','2018-12-19','味道还行，不过没我想象中那么美味 服务很好！','30'),(189,'1***3','规格: 脐橙试吃4个装','2018-12-19','味道还行，不过没我想象中那么美味 服务很好！','14'),(190,'1***0','规格: 脐橙试吃4个装','2018-12-19','包装不错 刚到还没有尝 卖家服务态度很好','58'),(191,'1***6','规格: 脐橙试吃4个装','2018-12-19','味道还行，不过没我想象中那么美味 服务很好！','4'),(192,'屠***云','规格: 脐橙试吃4个装','2018-12-19','味道还行，不过没我想象中那么美味 服务很好！','5'),(193,'1***6','规格: 脐橙试吃4个装','2018-12-19','包装不错 刚到还没有尝 卖家服务态度很好','51'),(194,'1***3','规格: 脐橙试吃4个装','2018-12-19','味道还行，不过没我想象中那么美味 服务很好！','6'),(195,'1***0','规格: 脐橙试吃4个装','2018-12-19','味道还行，不过没我想象中那么美味 服务很好！','97'),(196,'1***0','规格: 脐橙试吃4个装','2018-12-19','包装不错 刚到还没有尝 卖家服务态度很好','74'),(197,'1***0','规格: 脐橙试吃4个装','2018-12-19','味道还行，不过没我想象中那么美味 服务很好！','38'),(198,'1***3','规格: 脐橙试吃4个装','2018-12-19','包装不错 刚到还没有尝 卖家服务态度很好','6'),(199,'1***5','规格: 脐橙试吃4个装','2018-12-19','味道还行，不过没我想象中那么美味 服务很好！','21'),(200,'王***军','规格: 脐橙试吃4个装','2018-12-19','包装不错 刚到还没有尝 卖家服务态度很好','53'),(201,'王***军','规格: 脐橙试吃4个装','2018-12-19','包装不错 刚到还没有尝 卖家服务态度很好','96'),(202,'1***3','规格: 脐橙试吃4个装','2018-12-19','包装不错 刚到还没有尝 卖家服务态度很好','38'),(203,'1***2','规格: 脐橙试吃4个装','2018-12-19','味道还行，不过没我想象中那么美味 服务很好！','67'),(204,'1***3','规格: 脐橙试吃4个装','2018-12-19','味道还行，不过没我想象中那么美味 服务很好！','93'),(205,'u***5','规格: 脐橙试吃4个装','2018-12-19','包装不错 刚到还没有尝 卖家服务态度很好','4'),(206,'1***0','规格: 脐橙试吃4个装','2018-12-19','包装不错 刚到还没有尝 卖家服务态度很好','76'),(207,'1***3','规格: 脐橙试吃4个装','2018-12-19','东西很不错，味道很棒，送货也很快','88'),(208,'1***8','规格: 脐橙试吃4个装','2018-12-19','味道还行，不过没我想象中那么美味 服务很好！','21'),(209,'1***7','规格: 脐橙试吃4个装','2018-12-19','东西很不错，味道很棒，送货也很快','47'),(210,'1***8','规格: 脐橙试吃4个装','2018-12-19','东西很不错，味道很棒，送货也很快','78'),(211,'1***4','规格: 脐橙试吃4个装','2018-12-19','东西很不错，味道很棒，送货也很快','66'),(212,'1***7','规格: 脐橙试吃4个装','2018-12-19','味道还行，不过没我想象中那么美味 服务很好！','86'),(213,'1***8','规格: 脐橙试吃4个装','2018-12-19','东西很不错，味道很棒，送货也很快','10'),(214,'u***6','规格: 脐橙试吃4个装','2018-12-19','东西很不错，味道很棒，送货也很快','74'),(215,'1***4','规格: 脐橙试吃4个装','2018-12-19','东西很不错，味道很棒，送货也很快','59'),(216,'屠***云','规格: 脐橙试吃4个装','2018-12-19','味道还行，不过没我想象中那么美味 服务很好！','19'),(217,'1***3','规格: 脐橙试吃4个装','2018-12-19','味道还行，不过没我想象中那么美味 服务很好！','94'),(218,'1***8','规格: 脐橙试吃4个装','2018-12-19','味道还行，不过没我想象中那么美味 服务很好！','50'),(219,'1***7','规格: 脐橙试吃4个装','2018-12-19','包装不错 刚到还没有尝 卖家服务态度很好','58'),(220,'1***3','规格: 脐橙试吃4个装','2018-12-19','包装不错 刚到还没有尝 卖家服务态度很好','45'),(221,'1***5','规格: 脐橙试吃4个装','2018-12-19','味道还行，不过没我想象中那么美味 服务很好！','41'),(222,'1***1','规格: 脐橙试吃4个装','2018-12-19','味道还行，不过没我想象中那么美味 服务很好！','72'),(223,'1***1','规格: 脐橙试吃4个装','2018-12-19','包装不错 刚到还没有尝 卖家服务态度很好','15'),(224,'1***2','规格: 脐橙试吃4个装','2018-12-19','包装不错 刚到还没有尝 卖家服务态度很好','8'),(225,'1***8','规格: 脐橙试吃4个装','2018-12-19','东西很不错，味道很棒，送货也很快','34'),(226,'1***9','规格: 脐橙试吃4个装','2018-12-19','味道还行，不过没我想象中那么美味 服务很好！','45'),(227,'1***8','规格: 脐橙试吃4个装','2018-12-19','包装不错 刚到还没有尝 卖家服务态度很好','3'),(228,'王***军','规格: 脐橙试吃4个装','2018-12-19','味道还行，不过没我想象中那么美味 服务很好！','43'),(229,'1***9','规格: 脐橙试吃4个装','2018-12-19','味道还行，不过没我想象中那么美味 服务很好！','46'),(230,'1***1','规格: 脐橙试吃4个装','2018-12-19','味道还行，不过没我想象中那么美味 服务很好！','56'),(231,'u***1','规格: 脐橙试吃4个装','2018-12-19','包装不错 刚到还没有尝 卖家服务态度很好','58'),(232,'1***1','规格: 脐橙试吃4个装','2018-12-19','东西很不错，味道很棒，送货也很快','87'),(233,'1***5','规格: 脐橙试吃4个装','2018-12-19','包装不错 刚到还没有尝 卖家服务态度很好','77'),(234,'1***1','规格: 脐橙试吃4个装','2018-12-19','东西很不错，味道很棒，送货也很快','18'),(235,'u***1','规格: 脐橙试吃4个装','2018-12-19','包装不错 刚到还没有尝 卖家服务态度很好','63'),(236,'王***军','规格: 脐橙试吃4个装','2018-12-19','包装不错 刚到还没有尝 卖家服务态度很好','61'),(237,'1***1','规格: 脐橙试吃4个装','2018-12-19','包装不错 刚到还没有尝 卖家服务态度很好','3'),(238,'u***6','规格: 脐橙试吃4个装','2018-12-19','包装不错 刚到还没有尝 卖家服务态度很好','87'),(239,'1***3','规格: 脐橙试吃4个装','2018-12-19','东西很不错，味道很棒，送货也很快','53'),(240,'杨***芳','规格: 脐橙试吃4个装','2018-12-19','味道还行，不过没我想象中那么美味 服务很好！','39'),(241,'1***1','规格: 脐橙试吃4个装','2018-12-19','东西很不错，味道很棒，送货也很快','83'),(242,'1***6','规格: 脐橙试吃4个装','2018-12-19','味道还行，不过没我想象中那么美味 服务很好！','7'),(243,'1***6','规格: 脐橙试吃4个装','2018-12-19','味道还行，不过没我想象中那么美味 服务很好！','95'),(244,'1***3','规格: 脐橙试吃4个装','2018-12-19','味道还行，不过没我想象中那么美味 服务很好！','62'),(245,'1***1','规格: 脐橙试吃4个装','2018-12-19','味道还行，不过没我想象中那么美味 服务很好！','94'),(246,'1***2','规格: 脐橙试吃4个装','2018-12-19','味道还行，不过没我想象中那么美味 服务很好！','3'),(247,'1***1','规格: 脐橙试吃4个装','2018-12-19','包装不错 刚到还没有尝 卖家服务态度很好','27'),(248,'1***8','规格: 脐橙试吃4个装','2018-12-19','东西很不错，味道很棒，送货也很快','96'),(249,'1***1','规格: 脐橙试吃4个装','2018-12-19','包装不错 刚到还没有尝 卖家服务态度很好','70'),(250,'u***1','规格: 脐橙试吃4个装','2018-12-19','味道还行，不过没我想象中那么美味 服务很好！','7'),(251,'1***9','规格: 脐橙试吃4个装','2018-12-19','东西很不错，味道很棒，送货也很快','4'),(252,'1***5','规格: 脐橙试吃4个装','2018-12-19','味道还行，不过没我想象中那么美味 服务很好！','68'),(253,'1***3','规格: 脐橙试吃4个装','2018-12-19','味道还行，不过没我想象中那么美味 服务很好！','37'),(254,'1***7','规格: 脐橙试吃4个装','2018-12-19','包装不错 刚到还没有尝 卖家服务态度很好','75'),(255,'1***4','规格: 脐橙试吃4个装','2018-12-19','味道还行，不过没我想象中那么美味 服务很好！','71'),(256,'1***1','规格: 脐橙试吃4个装','2018-12-19','包装不错 刚到还没有尝 卖家服务态度很好','2'),(257,'1***6','规格: 脐橙试吃4个装','2018-12-19','东西很不错，味道很棒，送货也很快','45'),(258,'1***3','规格: 脐橙试吃4个装','2018-12-19','东西很不错，味道很棒，送货也很快','77'),(259,'1***1','规格: 脐橙试吃4个装','2018-12-19','东西很不错，味道很棒，送货也很快','13'),(260,'1***7','规格: 脐橙试吃4个装','2018-12-19','包装不错 刚到还没有尝 卖家服务态度很好','42'),(261,'1***1','规格: 脐橙试吃4个装','2018-12-19','包装不错 刚到还没有尝 卖家服务态度很好','33'),(262,'1***1','规格: 脐橙试吃4个装','2018-12-19','味道还行，不过没我想象中那么美味 服务很好！','62'),(263,'1***1','规格: 脐橙试吃4个装','2018-12-19','东西很不错，味道很棒，送货也很快','33'),(264,'1***1','规格: 脐橙试吃4个装','2018-12-19','味道还行，不过没我想象中那么美味 服务很好！','13'),(265,'1***4','规格: 脐橙试吃4个装','2018-12-19','东西很不错，味道很棒，送货也很快','43'),(266,'1***7','规格: 脐橙试吃4个装','2018-12-19','味道还行，不过没我想象中那么美味 服务很好！','41'),(267,'1***1','规格: 脐橙试吃4个装','2018-12-19','东西很不错，味道很棒，送货也很快','10'),(268,'1***7','规格: 脐橙试吃4个装','2018-12-19','味道还行，不过没我想象中那么美味 服务很好！','11'),(269,'1***5','规格: 脐橙试吃4个装','2018-12-19','包装不错 刚到还没有尝 卖家服务态度很好','54'),(270,'u***1','规格: 脐橙试吃4个装','2018-12-19','味道还行，不过没我想象中那么美味 服务很好！','8'),(271,'1***6','规格: 脐橙试吃4个装','2018-12-19','东西很不错，味道很棒，送货也很快','17'),(272,'1***1','规格: 脐橙试吃4个装','2018-12-19','包装不错 刚到还没有尝 卖家服务态度很好','18'),(273,'1***9','规格: 脐橙试吃4个装','2018-12-19','味道还行，不过没我想象中那么美味 服务很好！','2'),(274,'1***4','规格: 脐橙试吃4个装','2018-12-19','包装不错 刚到还没有尝 卖家服务态度很好','81'),(275,'1***5','规格: 脐橙试吃4个装','2018-12-19','味道还行，不过没我想象中那么美味 服务很好！','65'),(276,'1***5','规格: 脐橙试吃4个装','2018-12-19','东西很不错，味道很棒，送货也很快','19'),(277,'1***7','规格: 脐橙试吃4个装','2018-12-19','味道还行，不过没我想象中那么美味 服务很好！','2'),(278,'1***1','规格: 脐橙试吃4个装','2018-12-19','东西很不错，味道很棒，送货也很快','77'),(279,'1***1','规格: 脐橙试吃4个装','2018-12-19','包装不错 刚到还没有尝 卖家服务态度很好','82'),(280,'1***5','规格: 脐橙试吃4个装','2018-12-19','东西很不错，味道很棒，送货也很快','11'),(281,'1***6','规格: 脐橙试吃4个装','2018-12-19','东西很不错，味道很棒，送货也很快','93'),(282,'1***5','规格: 脐橙试吃4个装','2018-12-19','味道还行，不过没我想象中那么美味 服务很好！','82'),(283,'1***6','规格: 脐橙试吃4个装','2018-12-19','味道还行，不过没我想象中那么美味 服务很好！','94'),(284,'1***8','规格: 脐橙试吃4个装','2018-12-19','包装不错 刚到还没有尝 卖家服务态度很好','21'),(285,'1***1','规格: 脐橙试吃4个装','2018-12-19','包装不错 刚到还没有尝 卖家服务态度很好','95'),(286,'1***4','规格: 脐橙试吃4个装','2018-12-19','味道还行，不过没我想象中那么美味 服务很好！','72'),(287,'1***4','规格: 脐橙试吃4个装','2018-12-19','味道还行，不过没我想象中那么美味 服务很好！','30'),(288,'1***0','规格: 脐橙试吃4个装','2018-12-19','东西很不错，味道很棒，送货也很快','33'),(289,'1***7','规格: 脐橙试吃4个装','2018-12-19','包装不错 刚到还没有尝 卖家服务态度很好','31'),(290,'u***2','规格: 脐橙试吃4个装','2018-12-19','包装不错 刚到还没有尝 卖家服务态度很好','4'),(291,'吴***金','规格: 脐橙试吃4个装','2018-12-19','包装不错 刚到还没有尝 卖家服务态度很好','81'),(292,'1***1','规格: 脐橙试吃4个装','2018-12-19','东西很不错，味道很棒，送货也很快','71'),(293,'1***1','规格: 脐橙试吃4个装','2018-12-19','味道还行，不过没我想象中那么美味 服务很好！','65'),(294,'1***4','规格: 脐橙试吃4个装','2018-12-19','包装不错 刚到还没有尝 卖家服务态度很好','15'),(295,'1***0','规格: 脐橙试吃4个装','2018-12-19','东西很不错，味道很棒，送货也很快','5'),(296,'1***2','规格: 脐橙试吃4个装','2018-12-19','味道还行，不过没我想象中那么美味 服务很好！','74'),(297,'1***0','规格: 脐橙试吃4个装','2018-12-19','味道还行，不过没我想象中那么美味 服务很好！','12'),(298,'1***7','规格: 脐橙试吃4个装','2018-12-19','味道还行，不过没我想象中那么美味 服务很好！','48'),(299,'1***9','规格: 脐橙试吃4个装','2018-12-19','味道还行，不过没我想象中那么美味 服务很好！','76'),(300,'1***7','规格: 脐橙试吃4个装','2018-12-19','东西很不错，味道很棒，送货也很快','64'),(301,'1***1','规格: 脐橙试吃4个装','2018-12-19','味道还行，不过没我想象中那么美味 服务很好！','94'),(302,'1***6','规格: 脐橙试吃4个装','2018-12-19','东西很不错，味道很棒，送货也很快','24'),(303,'1***9','规格: 脐橙试吃4个装','2018-12-19','包装不错 刚到还没有尝 卖家服务态度很好','81'),(304,'u***5','规格: 脐橙试吃4个装','2018-12-19','包装不错 刚到还没有尝 卖家服务态度很好','31'),(305,'1***6','规格: 脐橙试吃4个装','2018-12-19','包装不错 刚到还没有尝 卖家服务态度很好','34'),(306,'1***1','规格: 脐橙试吃4个装','2018-12-19','味道还行，不过没我想象中那么美味 服务很好！','74'),(307,'u***5','规格: 脐橙试吃4个装','2018-12-19','包装不错 刚到还没有尝 卖家服务态度很好','85'),(308,'1***9','规格: 脐橙试吃4个装','2018-12-19','包装不错 刚到还没有尝 卖家服务态度很好','18'),(309,'1***3','规格: 脐橙试吃4个装','2018-12-19','味道还行，不过没我想象中那么美味 服务很好！','85'),(310,'1***5','规格: 脐橙试吃4个装','2018-12-19','东西很不错，味道很棒，送货也很快','46'),(311,'1***9','规格: 脐橙试吃4个装','2018-12-19','味道还行，不过没我想象中那么美味 服务很好！','28'),(312,'1***4','规格: 脐橙试吃4个装','2018-12-19','东西很不错，味道很棒，送货也很快','57'),(313,'1***0','规格: 脐橙试吃4个装','2018-12-19','东西很不错，味道很棒，送货也很快','9'),(314,'单***谱','规格: 脐橙试吃4个装','2018-12-19','包装不错 刚到还没有尝 卖家服务态度很好','46'),(315,'1***6','规格: 脐橙试吃4个装','2018-12-19','味道还行，不过没我想象中那么美味 服务很好！','4'),(316,'1***6','规格: 脐橙试吃4个装','2018-12-19','东西很不错，味道很棒，送货也很快','23'),(317,'单***谱','规格: 脐橙试吃4个装','2018-12-19','东西很不错，味道很棒，送货也很快','14'),(318,'1***9','规格: 脐橙试吃4个装','2018-12-19','包装不错 刚到还没有尝 卖家服务态度很好','44'),(319,'1***0','规格: 脐橙试吃4个装','2018-12-19','东西很不错，味道很棒，送货也很快','90'),(320,'1***3','规格: 脐橙试吃4个装','2018-12-19','包装不错 刚到还没有尝 卖家服务态度很好','47'),(321,'1***8','规格: 脐橙试吃4个装','2018-12-23','东西很不错，味道很棒，送货也很快','96'),(322,'1***7','规格: 脐橙试吃4个装','2018-12-20','包装不错 刚到还没有尝 卖家服务态度很好','90'),(323,'j***1','规格: 脐橙试吃4个装','2018-12-22','包装不错 刚到还没有尝 卖家服务态度很好','91'),(324,'1***9','规格: 脐橙试吃4个装','2018-12-21','味道还行，不过没我想象中那么美味 服务很好！','74'),(325,'1***5','规格: 脐橙试吃4个装','2018-12-20','东西很不错，味道很棒，送货也很快','51'),(326,'1***8','规格: 脐橙试吃4个装','2018-12-21','包装不错 刚到还没有尝 卖家服务态度很好','22'),(327,'u***5','规格: 脐橙试吃4个装','2018-12-20','包装不错 刚到还没有尝 卖家服务态度很好','3'),(328,'u***5','规格: 脐橙试吃4个装','2018-12-20','东西很不错，味道很棒，送货也很快','11'),(329,'1***6','规格: 脐橙试吃4个装','2018-12-19','味道还行，不过没我想象中那么美味 服务很好！','61'),(330,'1***1','规格: 脐橙试吃4个装','2018-12-19','包装不错 刚到还没有尝 卖家服务态度很好','19'),(331,'1***4','规格: 脐橙试吃4个装','2018-12-19','东西很不错，味道很棒，送货也很快','71'),(332,'1***9','规格: 脐橙试吃4个装','2018-12-19','东西很不错，味道很棒，送货也很快','51'),(333,'1***9','规格: 脐橙试吃4个装','2018-12-19','包装不错 刚到还没有尝 卖家服务态度很好','6'),(334,'繁***星','规格: 脐橙试吃4个装','2018-12-19','包装不错 刚到还没有尝 卖家服务态度很好','9'),(335,'繁***星','规格: 脐橙试吃4个装','2018-12-19','包装不错 刚到还没有尝 卖家服务态度很好','93'),(336,'繁***星','规格: 脐橙试吃4个装','2018-12-19','味道还行，不过没我想象中那么美味 服务很好！','60'),(337,'1***0','规格: 脐橙试吃4个装','2018-12-19','味道还行，不过没我想象中那么美味 服务很好！','48'),(338,'繁***星','规格: 脐橙试吃4个装','2018-12-19','包装不错 刚到还没有尝 卖家服务态度很好','26'),(339,'繁***星','规格: 脐橙试吃4个装','2018-12-19','包装不错 刚到还没有尝 卖家服务态度很好','25'),(340,'繁***星','规格: 脐橙试吃4个装','2018-12-19','东西很不错，味道很棒，送货也很快','85'),(341,'繁***星','规格: 脐橙试吃4个装','2018-12-19','东西很不错，味道很棒，送货也很快','7'),(342,'1***2','规格: 脐橙试吃4个装','2018-12-19','味道还行，不过没我想象中那么美味 服务很好！','64'),(343,'1***4','规格: 脐橙试吃4个装','2018-12-19','包装不错 刚到还没有尝 卖家服务态度很好','98'),(344,'1***2','规格: 脐橙试吃4个装','2018-12-19','味道还行，不过没我想象中那么美味 服务很好！','39'),(345,'1***0','规格: 脐橙试吃4个装','2018-12-19','味道还行，不过没我想象中那么美味 服务很好！','85'),(346,'1***0','规格: 脐橙试吃4个装','2018-12-19','包装不错 刚到还没有尝 卖家服务态度很好','51'),(347,'1***0','规格: 脐橙试吃4个装','2018-12-19','物美价廉，第二次购买了','98'),(348,'1***0','规格: 脐橙试吃4个装','2018-12-19','宝贝是我需要的，收到的时候包装完整，下次需要的时候我还会再来的，到时候给个优惠哦！','93'),(349,'1***7','规格: 脐橙试吃4个装','2018-12-19','味道还行，不过没我想象中那么美味 服务很好！','18'),(350,'1***0','规格: 脐橙试吃4个装','2018-12-19','不好意思确认晚了，很实惠','83'),(351,'1***0','规格: 脐橙试吃4个装','2018-12-19','朋友圈分享就买了，比预想中好很多，分享给别的朋友，也买了好几单，都说不错~','28'),(352,'1***5','规格: 脐橙试吃4个装','2018-12-19','包装不错 刚到还没有尝 卖家服务态度很好','74'),(353,'1***9','规格: 脐橙试吃4个装','2018-12-19','味道还行，不过没我想象中那么美味 服务很好！','16'),(354,'1***1','规格: 脐橙试吃4个装','2018-12-19','包装不错 刚到还没有尝 卖家服务态度很好','73'),(355,'1***1','规格: 脐橙试吃4个装','2018-12-19','味道还行，不过没我想象中那么美味 服务很好！','53'),(356,'1***1','规格: 脐橙试吃4个装','2018-12-19','包装很精致，才到，品质看起来不错，很好，全五分','10'),(357,'1***8','规格: 脐橙试吃4个装','2018-12-19','包装不错 刚到还没有尝 卖家服务态度很好','91'),(358,'1***0','规格: 脐橙试吃4个装','2018-12-19','实物与图片是一致的，挺不错的东东，下次还会光顾的','62'),(359,'1***0','规格: 脐橙试吃4个装','2018-12-19','东西很不错，味道很棒，送货也很快','84'),(360,'1***1','规格: 脐橙试吃4个装','2018-12-19','包装不错 刚到还没有尝 卖家服务态度很好','95'),(361,'1***8','规格: 脐橙试吃4个装','2018-12-19','包装不错 刚到还没有尝 卖家服务态度很好','2'),(362,'1***2','规格: 脐橙试吃4个装','2018-12-19','包装不错 刚到还没有尝 卖家服务态度很好','81'),(363,'1***8','规格: 脐橙试吃4个装','2018-12-19','东西很不错，味道很棒，送货也很快','43'),(364,'1***7','规格: 脐橙试吃4个装','2018-12-19','包装不错 刚到还没有尝 卖家服务态度很好','42'),(365,'1***6','规格: 脐橙试吃4个装','2018-12-19','包装不错 刚到还没有尝 卖家服务态度很好','79'),(366,'1***6','规格: 脐橙试吃4个装','2018-12-19','味道还行，不过没我想象中那么美味 服务很好！','1'),(367,'刘***田','规格: 脐橙试吃4个装','2018-12-19','味道还行，不过没我想象中那么美味 服务很好！','12'),(368,'刘***田','规格: 脐橙试吃4个装','2018-12-19','包装不错 刚到还没有尝 卖家服务态度很好','73'),(369,'1***0','规格: 脐橙试吃4个装','2018-12-19','东西很不错，味道很棒，送货也很快','100'),(370,'张***霞','规格: 脐橙试吃4个装','2018-12-19','包装不错 刚到还没有尝 卖家服务态度很好','32'),(371,'小***静','规格: 脐橙试吃4个装','2018-12-19','东西很不错，味道很棒，送货也很快','18'),(372,'1***9','规格: 脐橙试吃4个装','2018-12-19','东西很不错，味道很棒，送货也很快','39'),(373,'1***4','规格: 脐橙试吃4个装','2018-12-19','包装不错 刚到还没有尝 卖家服务态度很好','85'),(374,'郑***斌','规格: 脐橙试吃4个装','2018-12-19','味道还行，不过没我想象中那么美味 服务很好！','86'),(375,'1***1','规格: 脐橙试吃4个装','2018-12-19','包装不错 刚到还没有尝 卖家服务态度很好','92'),(376,'1***8','规格: 脐橙试吃4个装','2018-12-19','包装不错 刚到还没有尝 卖家服务态度很好','85'),(377,'1***4','规格: 脐橙试吃4个装','2018-12-19','东西很不错，味道很棒，送货也很快','78'),(378,'1***6','规格: 脐橙试吃4个装','2018-12-19','味道还行，不过没我想象中那么美味 服务很好！','30'),(379,'1***6','规格: 脐橙试吃4个装','2018-12-19','味道还行，不过没我想象中那么美味 服务很好！','82'),(380,'u***0','规格: 脐橙试吃4个装','2018-12-19','味道还行，不过没我想象中那么美味 服务很好！','57');
/*!40000 ALTER TABLE `review` ENABLE KEYS */;

#
# Structure for table "user"
#

DROP TABLE IF EXISTS `user`;
CREATE TABLE `user` (
  `Id` int(11) NOT NULL AUTO_INCREMENT,
  `user` varchar(255) DEFAULT NULL,
  `phone` varchar(255) DEFAULT NULL,
  `password` varchar(255) DEFAULT NULL,
  `address` varchar(255) DEFAULT NULL,
  PRIMARY KEY (`Id`)
) ENGINE=MyISAM AUTO_INCREMENT=13 DEFAULT CHARSET=utf8 ROW_FORMAT=DYNAMIC;

#
# Data for table "user"
#

/*!40000 ALTER TABLE `user` DISABLE KEYS */;
INSERT INTO `user` VALUES (4,'13423414911','13423414911','aaaaa!!',NULL),(5,'13423414910','13423414910','aaaaa!!',NULL),(6,'13423414912','13423414912','aaaaa!!',NULL),(7,'13423414915','13423414915','aaaaa!!',NULL),(12,'13423425894','13423425894','aaaaa!!',NULL);
/*!40000 ALTER TABLE `user` ENABLE KEYS */;
